OverallQual,GarageCars,Total_Bathrooms,Neighborhood,ExterQual,KitchenQual,FireplaceQu,GarageType,HeatingQC,SalePrice_Log,Total_SF_Log,BsmtQual_Sq
7,2,3.5,5,4,4,0,4,5,12.247699116372562,7.790282380703483,24.999999999999993
6,2,2.5,7,3,3,3,4,5,12.109016442313736,7.714677473800927,24.999999999999993
7,2,3.5,5,4,4,3,4,5,12.317171167298682,7.728855823852543,24.999999999999993
7,3,2.0,6,3,4,4,2,4,11.849404844423074,7.56734567601324,16.0
8,3,3.5,10,4,4,3,4,5,12.429220196836383,7.956476798036782,24.999999999999993
5,2,2.5,4,3,3,0,4,5,11.870606902224585,7.647308832356238,24.999999999999993
8,2,3.0,7,4,4,4,4,5,12.634606283893019,8.027476530860481,36.0
7,2,3.5,5,3,3,3,4,5,12.206077645517674,8.000349495324684,24.999999999999993
7,2,2.0,2,3,3,3,2,4,11.774527900858466,7.4815557019095165,16.0
5,1,2.0,2,3,3,3,4,5,11.678448377988163,7.564757012905729,16.0
5,1,2.0,3,3,3,0,2,5,11.771443882099636,7.5740450053721995,16.0
9,3,4.0,10,5,5,4,6,5,12.751302594560022,8.108623268354593,36.0
5,1,2.0,3,3,3,0,2,3,11.87757552297847,7.408530566894626,16.0
7,3,2.0,5,4,4,4,4,5,12.540761149388423,7.309881485824787,24.999999999999993
6,1,2.5,3,3,3,2,4,3,11.964007453736912,7.594381242551817,16.0
7,2,1.0,2,3,3,0,2,5,11.790564777297387,6.751101468936761,16.0
6,2,2.0,3,3,3,3,4,5,11.91170829631447,7.367077059881011,16.0
4,2,2.0,3,3,3,0,1,3,11.407576060361786,7.167809184316444,1.0
5,2,2.5,5,3,4,0,2,5,11.976665770490767,7.473637108496206,16.0
5,1,1.0,3,3,3,0,4,3,11.842236406331555,7.5196924041165385,16.0
8,3,3.5,10,4,4,4,6,5,12.692506186542177,7.773594467360194,36.0
7,1,1.0,1,3,4,4,4,5,11.845109950883979,7.011213987350367,16.0
8,2,2.0,5,4,4,4,4,5,12.345838935721968,7.4933172488621445,24.999999999999993
5,2,2.0,1,3,3,3,4,3,11.774527900858466,7.55013534248843,24.999999999999993
5,1,2.0,3,3,4,3,4,5,11.944714374881178,7.558516743045645,16.0
8,3,2.0,10,4,4,4,4,5,12.454107814022272,7.3783837129967145,24.999999999999993
5,2,1.5,3,3,4,0,2,3,11.811554895830454,7.390798521735676,16.0
8,3,3.0,10,4,4,4,4,5,12.631343648903034,7.980365765111246,36.0
5,1,2.0,3,3,3,4,4,3,12.242891437918384,7.964850887447313,16.0
4,1,1.0,2,3,2,0,2,2,11.134603622683906,6.255750041753367,16.0
4,1,1.0,1,3,3,0,2,3,10.596659732783579,7.183870715062453,16.0
5,1,1.5,3,3,4,0,4,4,11.914054519303125,7.113956109566034,16.0
8,2,2.0,5,4,4,0,4,5,12.100161978566867,7.118826249062078,36.0
5,2,2.0,3,3,4,4,4,4,12.016732516077072,7.908019444632471,16.0
9,2,3.0,10,5,5,4,4,5,12.533579815765737,7.906547232368037,36.0
8,3,3.5,10,4,4,4,6,5,12.641099792120599,7.8050670442584895,36.0
5,2,1.5,5,3,3,0,4,5,11.884495917930654,7.001245622069476,24.999999999999993
5,2,1.5,3,3,3,3,4,4,11.938199736300925,7.8284363591575845,16.0
5,1,2.0,3,3,4,0,2,3,11.599112335481124,7.489412083508719,16.0
4,0,2.0,2,3,2,0,0,3,11.314486721293983,7.05012252026906,1.0
6,2,2.0,3,3,3,3,4,5,11.982935344196433,7.584773077612199,16.0
5,1,2.0,8,3,3,4,4,4,12.04355959836804,7.738923757439458,16.0
5,2,2.0,5,3,4,0,4,4,11.87757552297847,7.45298232946546,24.999999999999993
5,1,2.0,5,3,3,0,2,3,11.777218637129328,7.444248649496705,24.999999999999993
5,1,2.0,3,3,3,0,4,5,11.856522261533737,7.515344571180435,16.0
9,2,3.0,10,5,5,4,4,5,12.675766851909591,7.700295203420117,36.0
7,2,2.5,4,4,4,5,4,5,12.387089184491993,8.160803920954665,36.0
8,3,2.0,7,4,4,0,4,5,12.428019481065613,7.427144133408616,24.999999999999993
4,0,2.0,2,3,3,0,0,4,11.635151947212842,7.2813856635702825,16.0
5,1,2.0,3,3,3,0,4,5,11.751950239425476,7.449498005382849,16.0
6,2,2.5,5,3,3,0,4,4,12.083910661257521,7.410347097821024,24.999999999999993
6,2,1.0,2,3,3,4,2,3,11.648338835562749,6.705639094860003,16.0
5,2,2.0,1,2,3,0,1,3,11.608244735642321,7.398174092970465,24.999999999999993
9,3,2.5,7,4,4,4,4,4,12.861001210669144,8.203304026795283,36.0
5,2,1.0,3,3,3,3,2,3,11.775297421715827,7.4645098346365275,16.0
6,2,2.0,3,3,3,4,4,4,12.103491596905931,7.557994958530806,16.0
8,2,3.5,7,4,4,0,4,5,12.058158312538199,7.77863014732581,24.999999999999993
7,2,2.5,5,4,4,0,4,5,12.188422799337028,7.450660796211539,24.999999999999993
10,3,3.5,9,5,4,4,6,5,12.991755706536901,7.988203597022576,36.0
5,1,1.0,5,3,3,0,2,5,11.735276702486743,7.253470382684528,16.0
6,2,2.5,5,3,4,0,2,5,11.970356641103,7.649692623711514,24.999999999999993
5,1,1.0,1,3,2,0,2,3,11.522885696764481,7.013915474810528,16.0
8,2,2.0,10,4,4,4,4,5,12.218500103788143,7.240649694255466,24.999999999999993
7,2,2.0,2,3,3,0,2,4,11.849404844423074,7.444833273892193,16.0
7,2,3.5,5,3,4,0,4,5,12.299112067295642,7.9280456008747775,24.999999999999993
8,3,2.5,10,4,4,4,6,5,12.666660207428574,7.813591552952433,36.0
7,2,3.0,3,3,3,4,4,3,12.100717685412471,8.045588280803528,24.999999999999993
7,2,3.0,5,4,4,0,4,5,12.328294703023396,7.821242083523558,24.999999999999993
4,1,1.0,2,3,3,0,4,3,11.289794413577894,6.617402977974478,16.0
7,2,2.0,6,4,3,3,4,3,12.323860125621126,7.969357742016347,16.0
7,2,3.0,3,3,3,4,4,5,12.404927602627595,8.319717386850606,24.999999999999993
4,2,2.0,4,3,3,0,2,3,11.771443882099636,7.252053951852814,16.0
7,2,2.5,5,3,3,3,4,4,12.128116509451258,7.449498005382849,24.999999999999993
5,2,2.0,3,3,3,0,4,4,11.883806029596208,7.478169694159785,16.0
3,1,2.0,2,4,3,0,2,4,11.58432477200052,7.381501894506707,9.000000000000004
4,1,2.0,1,3,3,0,6,3,11.418625774449596,7.280008252884188,24.999999999999993
4,1,1.0,3,3,3,0,2,5,11.818577604251555,7.074116816197362,16.0
5,1,2.0,2,3,3,0,2,3,11.751950239425476,7.416378479192928,16.0
4,0,2.0,3,3,3,0,0,3,11.824087219587643,7.478169694159785,16.0
5,2,1.5,2,3,3,0,2,4,11.608244735642321,7.115582126184453,16.0
6,1,2.5,3,3,4,4,4,3,12.173037959397275,7.85979918056211,24.999999999999993
6,2,3.0,4,3,3,0,4,5,11.941462360646149,7.839525581704678,36.0
8,3,2.0,7,3,4,4,4,5,12.409017571151187,7.3758821482150125,24.999999999999993
5,2,1.5,3,3,3,0,2,4,11.748005492256807,6.97166860472579,16.0
7,2,2.5,5,3,3,3,6,4,12.034696963475044,7.29641326877392,24.999999999999993
8,2,2.5,10,4,4,3,4,5,12.468440756144116,7.790696031174738,24.999999999999993
6,2,2.5,5,4,4,4,6,5,12.066816325306588,7.353081920515432,24.999999999999993
6,2,2.5,7,4,4,0,2,5,12.010671928196443,7.110696122978827,24.999999999999993
3,0,1.0,1,2,2,0,0,3,11.350418300109132,6.921658184151128,16.0
4,0,2.0,5,3,3,0,0,5,11.724813914587886,7.364547014255642,24.999999999999993
4,2,1.0,3,3,3,0,2,3,11.60733523953139,6.947937068614969,1.0
5,2,1.0,3,3,3,0,4,3,11.498836682527127,7.515344571180435,16.0
5,2,2.0,6,3,3,0,2,5,12.004574385508693,7.425357887027152,24.999999999999993
6,2,2.5,2,3,3,4,2,5,11.804855999911272,8.11312710422178,16.0
6,2,3.5,5,3,4,0,4,5,12.229549885708273,7.79770203551669,24.999999999999993
6,2,2.5,5,5,3,3,6,4,12.128116509451258,7.484930283289661,24.999999999999993
7,2,2.0,5,4,4,0,4,5,12.273735966890268,7.919719760924575,24.999999999999993
4,1,2.0,2,3,3,0,4,3,11.45900767697869,7.300472814267799,16.0
5,1,1.0,2,3,3,0,3,2,11.326607934898927,6.8501261661455,16.0
4,0,2.5,3,3,3,0,0,2,11.767187766223197,7.492760300922379,16.0
6,2,3.0,5,3,4,3,4,4,12.230770136157428,7.941295570906532,16.0
6,2,2.5,5,4,4,3,4,3,12.08954444723597,7.457609289715606,24.999999999999993
5,2,2.0,5,3,3,0,4,3,11.686584611185529,7.336936913707618,1.0
7,3,2.0,5,3,4,0,4,5,12.200562492481511,7.112327444710912,24.999999999999993
7,1,1.5,1,3,3,3,2,5,12.040614105490253,7.622174594817622,16.0
8,2,2.5,7,4,4,4,4,5,12.429220196836383,7.597396320212795,36.0
4,1,1.0,2,3,3,0,2,4,11.51293546492023,6.954638864880987,9.000000000000004
5,1,1.0,2,3,3,0,2,5,11.652696102959755,6.968850378341948,16.0
5,0,2.0,1,3,2,0,0,3,11.652696102959755,7.325148957955575,16.0
6,2,2.0,5,3,3,3,4,5,12.154784614286669,7.843848638152472,24.999999999999993
6,1,2.0,2,3,3,0,4,4,11.82701331585176,7.7406644019172415,16.0
7,2,2.5,5,3,3,3,6,5,12.100717685412471,7.427144133408616,24.999999999999993
7,3,3.5,5,4,5,4,6,5,12.85832230788469,8.210939733379021,36.0
6,2,3.0,6,3,4,4,3,3,12.28765724080691,8.059592328887543,24.999999999999993
6,1,3.5,6,3,4,3,2,5,12.466515835145202,8.08487062913819,16.0
6,2,2.5,7,3,3,2,2,4,12.07824495582233,7.537962659768208,24.999999999999993
5,1,1.5,3,3,3,1,4,3,11.842236406331555,7.566828479208331,16.0
5,2,1.5,2,3,3,0,4,4,11.951186847493476,7.026426808699636,24.999999999999993
7,3,4.0,5,3,4,3,4,4,12.676079399771027,8.453827315794419,24.999999999999993
6,2,2.5,5,4,4,4,4,5,12.0075668272517,7.284134806195205,24.999999999999993
6,2,2.0,6,3,3,3,4,5,12.100717685412471,7.563719668414366,16.0
4,1,1.0,1,3,3,0,2,4,11.51293546492023,7.024649030453636,16.0
6,1,1.0,3,3,3,0,4,4,11.820417517632333,7.4091364439201275,16.0
6,2,2.0,5,4,4,0,4,5,11.944064817531656,7.313220387090301,24.999999999999993
6,2,2.0,5,3,3,3,4,3,12.106257835094578,7.3696007205264085,24.999999999999993
6,0,2.0,1,3,3,0,0,4,11.344518647594768,6.918695219020471,16.0
6,2,2.0,3,3,3,3,4,3,11.759793355371237,6.983789965258135,24.999999999999993
5,0,1.0,2,3,3,3,0,5,11.373674891823535,6.8638033914529535,16.0
6,2,1.5,3,3,3,2,4,3,11.951186847493476,7.528869256642251,16.0
5,2,2.0,3,3,5,0,5,3,11.918397239722838,7.407924322559599,16.0
7,2,2.5,3,3,4,4,4,5,12.328294703023396,7.864419904994565,16.0
6,2,3.5,5,4,4,3,6,5,12.404927602627595,7.919356190660617,24.999999999999993
5,2,2.0,3,3,4,0,2,4,11.923384748066601,7.457609289715606,16.0
8,2,3.0,8,4,4,0,4,5,12.301387370778713,7.741533589281828,36.0
5,2,2.5,3,3,3,3,4,4,12.100717685412471,7.73718007783463,16.0
7,2,2.0,5,3,3,4,4,4,12.066816325306588,7.428333194190806,16.0
5,1,2.0,3,3,3,2,4,3,11.870606902224585,7.554858521040676,16.0
7,3,3.0,4,3,3,0,5,4,12.049424683420915,7.580699752224563,16.0
8,3,2.5,5,4,4,3,4,5,12.345838935721968,7.8324109271879205,24.999999999999993
6,2,3.5,5,3,4,0,4,5,12.352339472153524,7.857867559331803,24.999999999999993
4,0,1.0,3,3,3,1,0,3,11.652696102959755,7.167809184316444,16.0
7,2,3.0,5,4,4,0,4,5,12.468440756144116,8.017966703493599,24.999999999999993
5,2,2.0,3,3,3,0,2,2,12.019749091416921,7.545918151209323,16.0
7,2,3.0,5,4,4,0,4,5,12.225880174775124,7.687538766201629,24.999999999999993
5,2,3.0,3,3,3,0,2,3,11.736077016252437,8.026496938945412,16.0
6,2,2.0,2,4,4,0,2,5,11.775297421715827,7.444248649496705,24.999999999999993
5,1,2.0,2,3,3,0,2,3,11.561725152903833,6.98933526597456,16.0
7,2,2.5,5,4,4,4,6,5,12.312686874960356,7.618742377670413,24.999999999999993
7,0,2.0,5,3,4,0,0,5,11.856522261533737,7.473637108496206,24.999999999999993
5,1,1.0,2,3,3,0,2,4,11.652696102959755,7.20414929203594,24.999999999999993
5,2,1.5,5,3,3,0,4,3,11.711784520403112,7.430114138561801,16.0
8,3,3.0,10,4,4,4,4,5,12.827731880206521,8.042699496897637,36.0
6,2,2.5,5,3,3,4,4,4,12.154784614286669,7.787382026484701,16.0
6,2,2.0,6,3,3,4,4,4,12.367345048436391,7.923710333969237,24.999999999999993
6,1,1.0,2,3,3,0,2,3,11.736077016252437,7.0909098220799835,16.0
6,0,1.0,2,3,3,0,0,2,11.277215789596893,7.000334460275231,16.0
5,2,1.0,3,3,3,0,2,3,11.603688960617085,6.947937068614969,1.0
8,3,2.5,8,4,5,4,6,5,12.504327379899443,7.585281078639126,36.0
7,2,2.5,7,4,4,4,4,5,12.448630513463613,7.682482446534506,24.999999999999993
7,2,3.5,5,4,4,4,4,5,12.676079399771027,7.832014180505469,24.999999999999993
6,2,2.0,7,3,3,0,4,3,11.998439434579147,7.545918151209323,24.999999999999993
9,3,3.5,10,4,5,4,6,5,12.929993908996359,8.212025804623437,36.0
7,2,2.0,10,4,4,4,4,5,12.301387370778713,7.916807490937603,24.999999999999993
4,0,1.0,2,3,3,0,0,5,11.544433821905132,6.78332520060396,16.0
6,1,2.0,2,3,4,0,2,4,11.931642378754141,7.594381242551817,16.0
5,0,3.0,2,3,3,0,0,4,11.755879486687116,7.543273346705446,16.0
5,1,2.0,6,4,3,4,4,5,12.154784614286669,8.011355109161286,16.0
8,3,2.5,10,4,5,4,4,5,12.693501691489768,8.146129510025405,36.0
7,2,2.5,5,4,4,4,4,5,12.119975396053192,7.450660796211539,24.999999999999993
8,2,2.5,8,4,3,3,4,3,12.33710529389187,7.443078374348516,24.999999999999993
5,2,1.5,2,3,3,0,2,3,11.763691965388299,7.102499355774649,16.0
6,2,2.0,3,3,3,4,4,2,12.278397958261774,7.738923757439458,16.0
7,2,3.0,9,4,4,3,4,4,12.384223015005313,7.815207062189088,24.999999999999993
6,2,2.5,3,3,3,3,4,3,12.001511614739407,7.61332497954064,16.0
6,2,3.0,8,3,3,3,4,3,12.122696471358964,8.08886878916199,24.999999999999993
6,2,3.0,2,3,4,4,4,3,12.400820837540556,7.877017895622398,16.0
6,2,3.0,6,4,3,3,4,3,12.259618151783467,7.969703583278655,24.999999999999993
5,2,3.0,3,4,4,4,4,5,12.058158312538199,7.791109510610028,16.0
9,3,3.0,9,5,5,4,4,5,13.126032637428713,8.328209491748732,36.0
5,2,1.0,2,4,3,0,2,3,11.51293546492023,6.8762646118907655,16.0
6,2,2.5,7,4,4,3,2,5,12.083910661257521,7.581719640125308,24.999999999999993
7,1,1.5,6,3,3,4,2,4,12.206577518060588,7.675546002537849,9.000000000000004
5,1,1.0,2,3,3,4,4,5,11.695255355062795,7.201170883281678,1.0
7,2,2.5,2,3,4,0,2,5,12.206077645517674,7.641564441260972,24.999999999999993
5,2,1.0,2,3,3,0,4,4,11.751950239425476,7.133295954896068,9.000000000000004
10,3,2.5,2,4,5,3,2,5,13.07107218827772,8.018625465045748,16.0
7,2,3.0,4,3,4,0,4,5,12.06105265381003,7.511524648390865,24.999999999999993
5,1,2.5,2,3,3,0,2,5,11.81303746480054,7.321849713788356,9.000000000000004
5,2,3.0,5,3,3,3,2,3,11.940399914116648,7.745435610274381,24.999999999999993
8,2,2.5,9,4,5,4,4,5,12.563750586299372,7.918264686095274,36.0
8,2,2.5,6,4,4,3,2,3,12.660331092405906,8.014666370464942,24.999999999999993
7,2,2.5,3,3,4,0,4,4,12.122696471358964,7.652545692693921,16.0
7,2,3.0,5,4,4,0,4,5,12.165255859329688,7.596894438144543,24.999999999999993
7,2,2.0,2,4,4,0,2,5,11.775297421715827,7.444248649496705,24.999999999999993
5,1,1.0,5,3,3,0,2,3,11.751950239425476,7.134890851565885,16.0
6,2,2.5,3,3,3,3,4,3,11.908346971208951,7.612336837167746,24.999999999999993
7,3,3.0,7,5,5,4,4,5,12.650351332641707,7.9561263512135,36.0
8,2,3.5,3,4,4,5,2,4,12.367345048436391,8.279189777195004,16.0
6,0,1.0,2,3,3,0,0,5,11.552155793461898,7.527793987721444,16.0
8,3,3.0,10,4,5,4,4,5,12.52416631183315,7.938088726896953,36.0
4,2,2.0,2,3,3,0,4,5,11.849404844423074,7.022868086082641,24.999999999999993
6,2,2.5,4,3,3,2,2,3,12.052344376474922,7.696212639346407,16.0
6,1,2.0,2,3,3,0,4,4,11.626263078808801,7.564238475170491,9.000000000000004
6,2,2.0,5,4,4,4,4,5,11.91170829631447,7.32052696227274,24.999999999999993
5,1,1.5,2,3,3,0,2,3,11.608244735642321,7.3758821482150125,16.0
7,2,2.0,5,3,3,0,4,5,12.103491596905931,7.274479558773871,24.999999999999993
5,1,1.5,3,3,3,3,4,3,11.87688084212164,7.436617265234227,16.0
4,1,2.0,3,3,3,1,4,3,11.856522261533737,7.509883061154914,16.0
7,2,3.5,5,4,3,4,4,5,12.531776395271264,8.048149101665201,24.999999999999993
6,2,2.0,3,3,3,0,4,5,11.884495917930654,7.539027055823994,24.999999999999993
5,0,2.0,2,3,3,0,0,3,11.49273296168228,7.195187320178709,16.0
6,2,2.0,2,3,4,0,4,5,12.133507329024972,7.130098510125578,24.999999999999993
7,2,3.5,7,3,4,3,4,5,12.439875187430006,7.891704659330107,24.999999999999993
5,2,1.5,5,3,3,0,4,5,11.957617696467539,7.442492722794441,24.999999999999993
6,1,1.5,5,3,3,0,4,5,11.993813394724253,7.479299637782834,24.999999999999993
5,1,1.5,3,3,4,2,4,3,11.808955099378537,7.3758821482150125,16.0
7,2,3.0,5,4,4,0,4,5,12.25486757159303,7.776115477098742,24.999999999999993
4,1,1.0,2,3,3,0,2,2,11.580593459194764,7.192182058713245,16.0
7,2,2.0,6,4,4,3,4,5,12.649157827477366,7.738923757439458,16.0
7,2,2.0,5,4,4,0,4,5,12.027191164883382,7.142827401161621,24.999999999999993
7,2,2.0,5,4,4,0,4,5,12.23028221464456,7.312553498102598,24.999999999999993
6,2,2.5,5,4,4,3,6,5,12.206077645517674,7.7266536648476425,24.999999999999993
6,2,3.5,5,3,3,3,4,3,12.100161978566867,7.6511201757027,24.999999999999993
4,2,1.0,3,3,3,0,2,4,11.48247656671073,7.358193752733032,16.0
10,3,2.0,10,5,5,5,4,5,12.864242696187505,7.803435056952168,36.0
5,1,2.5,1,3,3,0,2,3,11.626263078808801,7.172424577124845,16.0
7,3,2.5,10,4,4,3,4,5,12.577639650232573,8.034631032923107,24.999999999999993
6,1,1.5,1,3,3,0,2,3,11.571203807011969,7.1770187659099,16.0
5,1,1.0,3,3,3,2,2,3,11.736077016252437,7.470224135899966,16.0
7,2,2.0,5,4,4,3,4,5,12.167856627501678,7.360103972989152,24.999999999999993
6,1,2.0,3,3,3,0,4,3,11.904974309480181,7.0859014643656115,16.0
8,3,3.5,10,4,5,3,4,5,12.90669432231532,8.155936337972394,24.999999999999993
6,1,1.5,1,3,3,1,4,3,11.456365695436427,6.895682697747868,16.0
5,1,2.0,5,3,3,0,4,3,11.761354623750297,7.489412083508719,16.0
6,2,3.5,5,4,4,3,6,5,12.285350445351659,7.857867559331803,24.999999999999993
6,1,1.5,1,3,3,0,2,3,11.402005077384885,7.204892510204673,16.0
7,2,2.0,5,4,4,0,4,5,12.130815551850676,7.271703706887368,24.999999999999993
7,2,2.5,5,4,4,0,4,5,12.178192583415596,7.671826797878781,24.999999999999993
8,3,2.0,10,5,4,0,4,5,12.669809806411457,7.43543801981455,36.0
6,1,1.5,2,3,3,4,2,3,11.635151947212842,7.3664451483276,16.0
8,2,3.0,7,4,4,0,4,5,12.478010170530368,7.8804263442924,24.999999999999993
5,0,1.0,2,3,4,0,0,4,11.612779849672751,7.086737934510577,16.0
5,1,1.0,2,3,3,0,4,4,11.277215789596893,7.273092595999523,16.0
6,1,1.5,5,3,3,3,4,3,11.695255355062795,7.104965448269842,24.999999999999993
7,2,3.5,5,4,4,2,4,5,12.230770136157428,7.939515260662406,24.999999999999993
7,2,2.5,5,3,3,3,4,4,12.394628892852941,7.938088726896953,24.999999999999993
6,1,2.0,2,3,2,0,2,4,11.827743504053696,7.564757012905729,9.000000000000004
6,2,1.0,3,3,3,3,4,5,11.849404844423074,7.226936018493289,16.0
7,2,2.5,5,4,4,0,4,5,12.100717685412471,7.419979923661836,24.999999999999993
6,2,2.5,6,4,4,3,4,4,12.531776395271264,7.952263308657046,24.999999999999993
3,0,1.0,2,3,2,0,0,5,11.245059091624615,7.175489713624222,16.0
8,2,3.5,6,4,4,4,4,5,12.367345048436391,8.070593539949519,24.999999999999993
6,2,2.5,5,4,4,0,4,5,12.06105265381003,7.40306109109009,24.999999999999993
6,1,2.5,3,3,4,0,4,5,11.970356641103,7.6746174973643635,24.999999999999993
5,1,2.0,3,3,3,0,4,3,11.884495917930654,7.71289096149013,16.0
7,2,2.5,5,4,4,3,6,5,12.345838935721968,7.73718007783463,24.999999999999993
6,2,2.5,7,4,4,0,4,5,12.242891437918384,7.710653323501202,24.999999999999993
7,2,3.5,5,4,4,4,4,5,12.301387370778713,7.985824666418917,24.999999999999993
7,2,2.5,5,4,4,3,4,5,12.352339472153524,7.675081857716333,24.999999999999993
5,1,1.0,2,3,3,0,2,4,11.48247656671073,6.78332520060396,1.0
6,2,2.0,3,3,3,3,4,3,12.07824495582233,7.917536353943631,16.0
8,3,2.5,5,4,5,4,6,5,12.528159767881128,7.853604813097837,36.0
6,2,2.0,3,3,3,3,4,3,11.92504173829169,7.449498005382849,24.999999999999993
5,2,2.0,2,3,3,0,2,3,11.775297421715827,7.52456122628536,16.0
5,2,1.0,2,3,3,0,2,4,11.19822841866684,6.639875833826536,9.000000000000004
6,2,2.0,5,3,4,3,4,3,12.075400019877522,7.713784616598755,24.999999999999993
6,2,3.5,5,3,3,3,4,4,12.128116509451258,7.70796153183549,24.999999999999993
5,1,2.5,3,3,4,4,2,5,12.097936057925594,7.67368812926773,16.0
5,1,1.0,1,3,3,4,2,5,11.699413330633599,7.175489713624222,16.0
6,1,2.5,2,3,3,2,4,3,11.904974309480181,7.5310163320779155,16.0
8,3,2.5,7,4,4,4,4,4,12.491255347155265,7.570443252057374,24.999999999999993
7,2,2.0,6,3,3,3,4,5,12.394628892852941,7.88344635413774,24.999999999999993
8,3,2.5,10,4,4,4,4,5,12.577639650232573,7.9355873855892,24.999999999999993
6,1,3.0,3,3,3,4,4,4,11.842236406331555,7.96311205897929,16.0
5,1,1.0,4,3,3,0,4,3,11.732069026983156,7.217443431696532,16.0
7,2,2.5,2,4,5,0,2,4,12.230770136157428,7.3453648404168685,16.0
7,2,2.0,4,4,4,0,4,5,12.211065162153215,7.353081920515432,36.0
4,2,1.0,5,3,3,0,2,5,11.856522261533737,6.892641641172089,16.0
9,3,2.5,10,5,5,5,4,5,12.936754021718041,7.660114319173928,36.0
7,2,2.5,6,3,3,3,4,5,12.165255859329688,7.789454566086674,24.999999999999993
7,2,2.5,5,4,4,3,4,4,12.339295865674435,7.784889295655098,24.999999999999993
6,2,2.0,7,4,4,0,4,4,12.128116509451258,7.681560362559537,24.999999999999993
7,2,3.0,10,4,4,4,4,5,12.242891437918384,7.704811922932595,24.999999999999993
8,3,2.0,7,4,4,4,4,5,12.407383590534293,7.292337176173877,24.999999999999993
6,2,3.0,5,4,4,0,4,4,12.096263359864539,7.603897968521881,24.999999999999993
7,2,2.5,7,4,4,0,2,5,12.011886987792716,7.131698510466911,24.999999999999993
6,2,1.5,3,3,4,4,4,3,11.976665770490767,7.755767170102998,16.0
4,0,1.0,3,3,3,0,0,3,11.385103457032141,7.29505641646263,16.0
5,1,1.0,3,3,3,0,2,3,11.711784520403112,7.208600337960199,16.0
6,1,1.0,2,3,3,0,2,5,11.941950837487406,7.242082359256962,16.0
8,2,2.5,5,4,4,4,4,5,12.359784657728282,7.560080465021827,24.999999999999993
5,0,3.0,3,3,2,0,0,5,11.819681958463892,7.563719668414366,16.0
5,1,1.5,2,3,3,4,4,4,11.782960235741939,7.605392364814934,16.0
7,2,3.5,5,3,4,3,4,2,12.367345048436391,8.025843344150903,16.0
6,2,2.0,3,3,3,4,4,3,12.025755079404915,7.982757702011113,16.0
6,2,2.0,4,3,3,0,2,3,11.86710429621008,7.508238774678663,16.0
5,1,1.5,1,3,3,0,4,3,11.931642378754141,7.590346945602565,16.0
7,2,2.5,7,4,4,3,2,5,12.384223015005313,7.8632667240095735,24.999999999999993
6,2,2.5,5,4,3,4,4,4,12.07254696717504,7.741967899820685,16.0
6,1,1.5,6,3,4,4,4,5,11.973516181427835,7.05012252026906,16.0
5,1,2.0,6,3,3,4,4,3,11.964007453736912,7.686162303492906,16.0
8,2,2.5,5,4,4,3,6,5,12.495007682693727,7.9135210172838955,24.999999999999993
7,3,2.0,5,4,4,3,4,5,12.230770136157428,7.340835554123275,24.999999999999993
5,2,2.0,5,3,3,0,4,3,11.917730355182513,7.489412083508719,16.0
7,3,3.0,2,3,4,5,4,5,12.59473402514672,8.158802490694,16.0
8,3,3.0,5,4,4,0,4,5,12.631016799175823,8.150467911624004,24.999999999999993
7,3,3.5,5,4,4,3,4,4,12.323860125621126,7.987524479848767,24.999999999999993
6,0,1.0,1,3,2,0,0,3,11.402005077384885,7.249215057114389,16.0
4,2,1.0,2,3,3,0,2,5,11.320565693461432,7.024649030453636,16.0
9,3,3.0,10,4,5,5,4,5,12.793862088206213,8.07682603129881,36.0
6,2,2.5,5,3,4,3,4,4,12.017336559562406,7.610852790395251,24.999999999999993
6,1,2.0,3,3,3,4,2,5,11.790564777297387,7.410347097821024,16.0
5,2,2.0,2,3,3,4,2,3,11.694421681264396,7.3938782901077555,24.999999999999993
7,2,4.0,8,3,3,4,4,3,12.834683971615659,8.317033476492403,24.999999999999993
7,2,2.0,2,3,5,4,2,5,12.08954444723597,7.41336733569524,16.0
7,2,3.5,5,4,4,4,4,5,12.146858590895919,7.5272559193737845,24.999999999999993
7,2,3.5,5,4,5,3,4,3,12.468440756144116,8.021584533455107,24.999999999999993
8,3,2.5,7,4,4,4,4,5,12.506180941677355,7.580699752224563,24.999999999999993
7,3,3.5,10,4,4,3,4,5,12.468440756144116,8.198089248956117,24.999999999999993
7,2,3.0,5,3,3,3,4,3,12.141539457711714,7.827639546366423,24.999999999999993
9,3,3.5,10,3,4,0,4,5,12.744447286281348,7.862112211662748,36.0
8,3,3.5,10,4,4,4,6,5,12.77705501697068,8.142936010432267,36.0
7,2,3.5,5,4,4,3,4,5,12.61486886598463,8.350666240520924,16.0
3,1,2.0,2,3,3,0,4,5,11.745433036677355,7.258412150595307,16.0
7,2,2.5,3,4,4,4,6,5,12.396697137361691,7.999342952713283,24.999999999999993
5,2,1.0,1,3,3,0,2,1,11.373674891823535,6.8243736700430855,16.0
8,2,3.5,7,4,4,4,4,5,12.688501881189456,8.113426639943654,24.999999999999993
6,1,1.5,3,3,3,0,4,3,11.886218559372042,7.575071699507561,16.0
6,2,2.0,2,3,4,0,2,4,12.276069679344005,7.666221925662725,16.0
5,1,1.0,1,3,3,0,2,3,11.264476926102368,7.084226422097917,16.0
5,1,2.5,3,3,3,0,2,3,11.686887175419704,7.617267813628347,16.0
5,1,2.0,3,3,3,0,4,2,11.842236406331555,7.55118686729615,16.0
8,3,3.0,10,4,4,4,4,5,12.556733038263905,8.081165777725433,24.999999999999993
7,2,3.0,10,4,4,4,4,5,12.240478903153711,7.639642287858013,24.999999999999993
6,2,3.5,5,3,3,3,4,4,12.165255859329688,7.810758116529357,24.999999999999993
5,2,4.0,8,3,3,4,4,5,12.34126328584159,8.065579427282094,16.0
9,3,3.0,9,4,4,4,4,5,12.841132451487937,8.06211758275474,36.0
7,2,3.0,5,4,4,0,4,5,12.273735966890268,7.760893195851023,24.999999999999993
7,2,3.0,5,4,4,0,4,5,12.218500103788143,7.51479976048867,24.999999999999993
6,1,1.0,3,3,3,0,4,3,11.951186847493476,7.496097345175956,16.0
8,2,2.5,8,4,4,0,4,5,12.220473454337986,7.554334823725747,24.999999999999993
4,1,1.0,5,2,3,0,1,4,11.314486721293983,6.735780014242327,16.0
3,2,2.0,3,3,3,0,2,2,11.37940550085183,6.947937068614969,1.0
9,2,2.0,10,5,5,5,4,5,12.491255347155265,7.44600149832412,36.0
5,1,1.5,1,3,3,0,4,3,11.350418300109132,7.295735072749282,24.999999999999993
6,1,1.0,2,3,2,4,2,4,11.850832386224807,7.36391350140582,16.0
6,1,1.0,3,3,3,0,4,3,11.928347504569842,7.284134806195205,16.0
6,2,3.0,3,3,3,4,4,5,11.967187086434018,7.918992488165245,16.0
7,2,3.5,10,4,4,0,6,5,11.944714374881178,7.696212639346407,24.999999999999993
9,3,3.5,10,5,5,5,4,5,12.988043102265232,8.328209491748732,36.0
9,2,2.0,10,5,5,4,4,5,12.670001611311875,7.533693709848633,36.0
7,2,2.5,6,3,4,3,4,4,12.154784614286669,7.8383433155571165,24.999999999999993
5,1,1.5,2,3,3,0,2,3,11.461642696843066,7.454719949364001,16.0
6,2,1.0,2,3,3,0,2,4,11.570259974415546,6.580639137284949,16.0
6,1,1.0,3,3,3,4,4,5,11.849404844423074,7.592870287844818,16.0
6,2,3.0,5,4,4,0,4,5,12.086731521684554,7.639642287858013,24.999999999999993
6,2,3.0,5,3,4,0,4,4,12.06105265381003,7.454719949364001,24.999999999999993
5,2,2.5,1,3,3,1,4,3,11.805602541591771,7.609366537954212,24.999999999999993
5,1,1.5,6,3,4,0,6,5,11.775297421715827,7.5740450053721995,16.0
8,2,3.5,10,4,4,3,4,5,12.54254845357358,7.9658927350845286,24.999999999999993
6,2,2.0,4,3,3,3,4,5,11.957617696467539,7.430114138561801,24.999999999999993
5,1,2.0,2,3,3,0,2,4,11.884495917930654,7.552237287560801,16.0
7,2,3.0,2,4,4,5,6,5,12.198549416880068,7.56164174558878,1.0
6,1,1.5,1,3,4,0,2,4,11.678448377988163,7.047517221357296,16.0
6,2,3.5,5,3,3,3,4,3,12.154784614286669,7.734996194022781,24.999999999999993
5,1,1.0,1,3,3,0,2,4,11.898194668458823,7.496097345175956,16.0
6,2,2.5,3,3,3,4,4,4,11.976665770490767,7.602900462204755,24.999999999999993
6,1,1.5,3,3,3,4,3,4,12.013706813470414,7.497207223203318,24.999999999999993
5,1,1.0,3,3,3,4,4,4,11.790564777297387,7.500529485395295,16.0
5,2,2.0,3,3,4,4,2,5,11.995357787034974,7.388946097618437,16.0
6,2,2.5,5,3,3,3,4,5,12.057578437658943,7.417580402414544,24.999999999999993
4,2,2.0,6,3,3,4,2,3,11.808821212646512,7.3708601665367155,1.0
6,1,2.0,5,3,3,0,4,3,11.736077016252437,7.311218384419628,24.999999999999993
5,1,2.0,3,3,3,0,4,3,11.719947764402807,7.564238475170491,16.0
7,2,2.5,5,4,4,4,6,5,12.299112067295642,7.564757012905729,24.999999999999993
1,0,1.5,2,2,2,0,0,4,11.018645536463701,7.134890851565885,9.000000000000004
5,2,1.0,5,4,3,0,2,5,11.904974309480181,7.10085190894405,24.999999999999993
8,2,3.0,7,4,4,4,4,5,12.73670383776449,7.810758116529357,24.999999999999993
9,3,2.5,9,4,5,5,4,5,12.885204569609956,8.102283624480073,36.0
6,2,2.5,5,3,3,3,4,5,12.095146671399466,7.496097345175956,24.999999999999993
5,1,2.0,3,3,4,4,2,3,11.751950239425476,7.554858521040676,16.0
7,2,3.0,7,4,4,4,4,5,12.142871895843887,7.171656822768514,24.999999999999993
7,2,2.5,5,4,4,0,4,5,12.271396795480598,7.494430215031566,24.999999999999993
6,2,1.0,5,3,3,0,2,3,11.23850177707664,6.665683717782408,9.000000000000004
6,2,3.5,6,4,4,2,4,5,12.388398368982115,7.985824666418917,24.999999999999993
8,2,2.0,5,4,4,3,4,5,12.165255859329688,7.165493475060845,24.999999999999993
5,0,1.0,2,3,3,0,0,3,11.30221677925738,7.077498053569231,16.0
6,1,2.0,2,3,3,2,2,5,11.736077016252437,7.471363088187098,16.0
7,2,2.0,5,4,4,0,4,5,12.160033942617154,7.299797366758161,24.999999999999993
10,3,3.5,10,5,5,5,6,5,12.962196972666593,8.19229373114764,36.0
5,1,2.0,2,3,3,0,2,5,11.686887175419704,7.600902459542082,16.0
6,2,3.5,4,3,4,3,6,5,12.278397958261774,7.883069351305753,36.0
5,1,1.0,3,3,3,0,4,3,11.575909653758895,6.78332520060396,1.0
4,0,1.0,2,3,3,3,0,3,11.51293546492023,6.961296045910167,16.0
5,1,1.0,2,3,3,0,2,4,11.599112335481124,6.942156705699469,16.0
5,1,2.0,2,3,3,0,4,3,11.767575435251748,7.5411524551363085,16.0
5,2,1.0,5,3,3,0,2,3,11.719947764402807,7.421775793644646,16.0
5,1,2.0,3,3,3,3,4,3,12.040614105490253,7.763446388727362,16.0
5,1,1.0,1,3,3,0,2,4,11.112462823634855,6.982862751468942,9.000000000000004
7,2,3.0,7,4,4,0,4,5,12.392556361841777,7.767687277186908,24.999999999999993
8,2,2.5,7,4,5,4,4,5,12.411056299528171,7.637716432664799,24.999999999999993
7,2,2.0,5,4,4,4,4,5,12.013646205940516,7.196686570834349,24.999999999999993
5,1,1.0,3,3,3,0,2,5,11.58989576532275,6.511745329644728,16.0
8,2,2.5,10,4,4,3,6,4,12.460718739865236,7.724888439323073,24.999999999999993
6,2,2.5,5,3,3,3,6,4,12.031725210748633,7.360739903058278,24.999999999999993
4,2,3.0,3,3,3,3,4,5,11.918397239722838,7.914617709040679,16.0
6,1,1.0,3,3,3,0,2,5,11.652696102959755,7.062191632286556,16.0
6,1,2.0,6,3,3,0,4,5,12.083910661257521,7.427144133408616,24.999999999999993
7,3,2.5,10,4,4,4,4,5,12.54254845357358,7.6838639802564295,36.0
8,3,3.5,7,4,5,4,4,5,12.73596827534975,7.961370201719511,36.0
5,1,1.0,2,3,3,0,4,3,11.002116507732017,7.152268856032539,16.0
5,2,2.0,5,3,3,0,4,3,11.884495917930654,7.655864017616056,16.0
7,2,3.5,7,5,4,4,4,5,12.310437165348777,7.629003889652957,36.0
5,2,1.0,2,3,3,4,2,4,11.652696102959755,6.9363427358340495,16.0
7,3,3.0,5,4,4,3,4,5,12.33710529389187,7.893198869544609,24.999999999999993
7,2,2.0,5,4,4,0,4,5,12.106997888588934,7.21890970761906,24.999999999999993
6,2,1.5,3,3,3,3,4,3,11.915058360753717,7.383989457978509,16.0
6,3,3.5,6,3,3,4,2,3,12.384223015005313,8.23031079913502,24.999999999999993
5,1,2.5,2,3,3,0,2,2,11.744045122410059,7.277247726631484,16.0
5,1,2.0,3,3,3,2,4,5,11.863589378812124,7.513163545234075,16.0
7,4,4.0,4,3,3,0,4,5,12.237091546357338,7.883823214892153,24.999999999999993
6,2,2.5,5,4,4,3,4,4,12.278397958261774,7.954723334497909,24.999999999999993
5,2,1.0,4,3,3,0,4,5,11.635151947212842,6.8966943316227125,16.0
8,3,3.5,10,4,4,3,4,4,12.660331092405906,8.193400231952099,24.999999999999993
6,1,2.0,3,3,3,4,4,4,11.842236406331555,7.502738210754851,24.999999999999993
7,1,1.5,2,3,3,4,2,4,11.81303746480054,7.237059026124737,16.0
7,2,3.5,5,4,4,3,4,4,12.524530013005734,8.059276223305648,24.999999999999993
4,1,1.0,3,3,3,0,2,5,11.599185726610004,7.086737934510577,16.0
7,2,3.0,5,4,4,0,4,5,12.182809136284991,7.5352967024440884,24.999999999999993
6,2,3.0,8,3,4,3,4,3,12.07254696717504,7.790696031174738,24.999999999999993
6,1,1.5,1,3,3,0,2,3,11.355113089309977,7.226209010100671,16.0
6,0,1.0,2,3,3,0,0,4,11.288543647320601,7.089243155027514,16.0
5,2,2.5,1,3,3,0,2,5,11.715874472198905,7.515889085215126,16.0
6,2,2.5,5,3,3,3,4,5,12.106257835094578,7.380879035564116,24.999999999999993
4,0,2.0,1,3,3,0,0,4,11.30221677925738,7.026426808699636,24.999999999999993
7,2,3.5,5,4,4,3,4,5,12.264346270624157,7.779466967458324,24.999999999999993
6,2,1.0,2,3,3,0,2,3,11.661354090741,7.020190708311925,9.000000000000004
6,1,1.0,2,4,3,0,2,4,11.686887175419704,6.807934943699926,16.0
5,1,1.0,6,3,4,4,2,3,11.411457364027745,6.966024187106113,16.0
6,2,1.0,2,3,4,0,2,4,11.608244735642321,7.087573705557973,16.0
10,3,3.0,10,5,5,4,4,5,13.22672519452875,8.457230850243555,36.0
4,0,2.0,2,3,2,0,0,3,11.678448377988163,7.3613754289773485,16.0
5,2,2.0,2,3,3,4,2,3,12.000897933306716,7.3613754289773485,16.0
7,3,2.0,5,4,4,4,4,5,12.058158312538199,7.138073034044347,36.0
7,2,3.5,5,4,4,3,4,5,12.25486757159303,7.844240718141811,24.999999999999993
6,2,1.0,2,3,3,4,4,2,11.755879486687116,7.4324838079171185,16.0
6,2,2.5,3,4,4,4,4,5,12.154784614286669,7.954723334497909,16.0
7,2,2.5,5,4,4,3,4,4,12.20557752297723,7.54274354536855,24.999999999999993
6,1,2.0,1,3,3,4,2,3,11.691080018519527,7.227662498728654,16.0
3,1,1.5,2,3,3,0,2,5,11.695255355062795,7.323170717943469,16.0
6,1,1.0,2,3,4,0,2,5,11.608244735642321,6.70196036600254,16.0
7,2,3.0,6,3,4,3,4,3,12.54254845357358,7.691200097522863,24.999999999999993
6,2,3.5,8,4,3,0,4,5,12.225880174775124,7.823645930834952,36.0
8,2,2.5,7,4,4,0,4,5,12.25486757159303,7.372118028337787,24.999999999999993
5,2,4.0,4,3,3,0,2,3,12.144202560946876,8.112227958349724,16.0
7,2,1.5,5,3,3,3,4,2,12.075400019877522,7.677400430514807,16.0
5,3,1.0,2,3,3,0,2,2,11.49273296168228,7.20414929203594,16.0
4,2,2.0,6,3,4,4,4,5,12.452936629704071,7.930206206684683,24.999999999999993
8,1,1.0,2,3,4,4,2,2,11.989165855127435,7.418780882750793,16.0
5,1,2.0,2,3,4,3,2,3,11.608244735642321,7.236339342754344,16.0
8,2,3.5,7,4,3,0,6,5,12.481565733211923,7.8160138391590275,24.999999999999993
7,2,2.0,3,4,4,0,2,5,11.951186847493476,7.4360278163518485,24.999999999999993
5,1,1.0,3,3,3,1,2,4,11.041064111222378,7.45529848568329,16.0
6,1,1.5,6,3,3,4,2,2,12.147919030759665,7.594381242551817,16.0
5,0,2.0,5,3,3,0,0,3,11.728044909070785,7.4127640174265625,24.999999999999993
7,2,2.0,5,4,4,3,4,5,12.093693109638318,7.254884810077337,24.999999999999993
7,2,2.0,3,3,3,1,4,3,12.025755079404915,7.628517626575055,16.0
5,1,1.5,3,3,4,4,4,5,11.894787533354528,7.616283561580385,16.0
8,3,2.0,10,4,4,4,4,5,12.429220196836383,7.399398083331354,24.999999999999993
6,2,2.5,5,4,4,0,4,5,12.138869243416009,7.667158255319148,24.999999999999993
8,2,2.5,9,4,4,0,4,3,12.264346270624157,8.00336305862995,24.999999999999993
7,2,2.5,5,3,3,4,4,3,12.154784614286669,7.585788821732034,24.999999999999993
6,2,2.0,2,3,3,0,3,5,11.904974309480181,7.334329350300537,24.999999999999993
8,3,3.0,10,4,4,5,4,5,12.994532278619133,8.109826276018476,36.0
8,2,3.0,9,4,5,0,4,5,12.433212202169729,7.954723334497909,24.999999999999993
5,2,2.0,3,3,3,0,2,3,11.794345471549745,7.3783837129967145,16.0
6,2,3.0,5,3,4,3,4,5,12.249615734512615,7.81923445385907,24.999999999999993
9,3,2.5,10,5,5,4,6,5,12.847929163278055,7.880048200971577,24.999999999999993
8,3,3.0,5,4,4,4,4,5,12.601490784782536,8.00869818298853,36.0
4,2,1.0,2,3,3,0,2,3,11.401681006153428,7.170119543449628,9.000000000000004
9,3,3.0,10,4,4,4,4,5,12.694655727828803,8.043020885298281,36.0
9,3,3.0,10,4,5,4,4,5,12.832013750189885,8.119696252957251,36.0
7,1,2.5,2,4,5,4,4,5,11.951186847493476,7.661997558901893,16.0
6,2,3.0,4,3,3,0,4,5,12.00762780434872,7.656337166430183,36.0
5,1,2.0,3,3,4,0,2,4,11.794345471549745,7.3702306418070815,16.0
5,1,1.0,3,4,4,4,4,4,11.898194668458823,7.450660796211539,16.0
5,2,2.5,3,3,3,0,4,3,11.957617696467539,7.554858521040676,16.0
5,2,2.0,5,3,3,3,4,4,12.07254696717504,7.817222785508166,24.999999999999993
5,2,2.0,2,3,3,4,4,3,11.982935344196433,8.0323601479245,16.0
4,1,2.0,1,3,4,0,4,3,11.362114203075016,7.044032897274685,24.999999999999993
5,1,1.5,1,3,3,4,6,3,11.652696102959755,7.173958319756794,24.999999999999993
6,1,2.0,3,3,2,3,4,3,11.798111925972616,7.671826797878781,16.0
6,2,2.5,5,4,3,0,4,4,12.059809113551395,7.284134806195205,24.999999999999993
5,1,1.5,3,3,3,2,2,3,11.951186847493476,7.685243607975833,16.0
5,1,1.0,2,3,3,0,4,4,11.421917019425596,6.787844982309579,9.000000000000004
4,0,1.0,1,3,3,0,0,3,10.460270761075149,7.103322062526113,16.0
8,2,4.0,10,4,4,4,4,5,12.971542813248437,8.40290404501411,24.999999999999993
7,1,3.0,2,3,3,0,2,5,12.122696471358964,7.673223121121708,16.0
5,1,1.0,3,3,4,0,4,5,11.775297421715827,7.207859871432475,16.0
5,1,1.5,3,3,3,0,4,2,11.695255355062795,7.172424577124845,16.0
6,1,1.5,1,3,3,0,2,3,11.635151947212842,7.362010551259734,16.0
7,2,2.5,7,4,4,0,4,4,12.331387247601905,7.682021510826875,24.999999999999993
5,2,2.0,2,3,3,0,2,5,11.849404844423074,7.605392364814934,16.0
7,2,3.0,6,3,3,3,4,3,12.574185427296195,8.022568946988255,16.0
6,2,3.0,3,3,3,2,4,3,11.898194668458823,7.637716432664799,16.0
5,2,2.0,2,3,3,0,2,4,11.732069026983156,7.581209826196346,16.0
8,2,2.5,5,4,4,3,4,5,12.278397958261774,7.73718007783463,24.999999999999993
6,2,2.0,7,4,4,0,4,5,12.246739428005663,7.1276936993473985,24.999999999999993
7,2,2.0,2,3,4,4,2,5,11.989165855127435,7.326465613840322,16.0
5,1,2.0,3,3,3,0,4,5,11.732069026983156,7.617267813628347,16.0
5,1,2.0,3,4,3,3,1,5,12.013100572810686,7.693481640835175,16.0
7,2,2.0,10,4,4,4,4,5,12.219314582801099,7.221835825288449,24.999999999999993
5,2,2.0,3,3,3,0,2,3,11.774527900858466,7.352441100243583,16.0
6,2,1.5,4,3,3,0,4,3,11.805602541591771,7.256297239690681,16.0
5,1,1.0,6,3,3,0,2,2,11.477308649967686,6.6720329454610665,16.0
10,3,3.5,10,5,5,4,4,5,12.90634935052389,8.148156439921625,36.0
6,2,2.5,5,3,3,3,4,3,11.970356641103,7.659171367666058,16.0
7,3,2.5,10,4,4,3,4,5,12.487488878546145,7.76004068088038,24.999999999999993
6,2,3.5,5,3,3,0,4,5,12.259618151783467,7.825245291431774,24.999999999999993
7,1,1.5,6,4,4,4,2,5,12.36308066783498,7.640603826393635,24.999999999999993
4,0,2.0,2,3,3,0,0,3,11.57355949850708,7.166265974133638,1.0
6,1,1.5,3,3,3,4,4,5,11.918397239722838,7.611842399580417,16.0
6,2,2.0,2,3,3,4,2,5,11.976665770490767,7.6324011266014535,16.0
10,3,4.5,2,5,5,4,6,5,12.12676425151569,8.844624683385302,36.0
7,3,3.5,10,4,4,3,4,5,12.662709207270272,8.044947049617722,24.999999999999993
7,2,2.0,7,4,4,3,4,5,12.07824495582233,7.144407180321139,24.999999999999993
5,1,1.0,3,3,3,0,4,3,11.790564777297387,7.174724309836376,24.999999999999993
9,3,3.5,10,5,5,4,4,5,13.008661502470739,8.304989580140361,36.0
4,0,2.0,2,3,3,0,0,5,11.362114203075016,6.860663671448286,16.0
6,2,4.0,6,4,3,3,4,3,12.209192772866416,8.225503097566918,16.0
6,2,3.0,8,4,4,2,4,5,12.07254696717504,7.737616282857904,24.999999999999993
6,2,2.0,2,3,3,0,2,5,11.759793355371237,7.217443431696532,9.000000000000004
5,1,1.0,3,3,3,1,2,5,11.58525542883217,6.71901315438526,1.0
1,0,1.0,2,2,2,0,0,2,10.579005242826247,5.814130531825067,1.0
8,2,2.5,5,4,4,4,4,5,12.08954444723597,7.254884810077337,36.0
5,0,2.0,2,3,3,0,0,3,11.58525542883217,7.748028524432375,24.999999999999993
7,2,2.5,5,3,4,0,4,5,12.144202560946876,7.45298232946546,24.999999999999993
4,2,1.0,3,3,3,0,2,3,11.619544188752133,7.289610521451167,16.0
5,1,1.5,3,3,3,2,4,3,11.970356641103,7.513709247839705,16.0
8,2,3.0,5,4,4,3,4,5,12.513561021741964,7.992944547318106,24.999999999999993
9,3,3.0,8,5,5,4,4,5,12.660331092405906,8.038834757787749,36.0
8,3,2.5,10,4,4,3,6,5,12.421188057397053,7.734558844354756,24.999999999999993
7,2,3.0,5,4,4,3,4,5,12.270225154674701,7.990238185720363,36.0
7,1,2.0,3,3,3,0,4,5,11.798111925972616,7.307202314764739,24.999999999999993
7,2,3.5,5,4,4,4,4,5,12.098854850641,7.62608275807238,24.999999999999993
7,3,2.5,5,4,4,0,4,4,12.341481649339068,8.127995055771946,24.999999999999993
6,2,1.5,2,3,3,4,2,5,12.25486757159303,7.568379267836523,24.999999999999993
5,2,2.0,4,3,3,0,2,5,11.771443882099636,7.235619141066749,24.999999999999993
5,2,2.0,2,3,3,0,2,3,11.736077016252437,7.4091364439201275,16.0
7,2,2.5,7,4,4,4,6,5,12.479913113434042,7.647308832356238,24.999999999999993
6,2,2.0,3,3,3,0,4,3,11.849404844423074,7.395721608602045,24.999999999999993
5,1,1.0,2,3,3,0,4,4,11.630717389475995,7.1204443723924875,16.0
8,3,2.0,10,4,4,4,4,5,12.450981602512561,7.448916102544201,36.0
4,2,2.0,2,3,4,0,2,5,11.58989576532275,7.027314514039777,1.0
7,3,3.5,10,4,4,4,6,5,12.556733038263905,7.976938756959434,24.999999999999993
5,1,1.0,2,3,3,4,2,3,11.635151947212842,6.955592608396297,16.0
5,1,2.0,3,3,3,3,4,3,11.856522261533737,7.59488438721652,16.0
4,1,1.5,1,3,3,0,1,4,11.58989576532275,7.587817219993427,16.0
7,2,3.0,5,3,3,3,4,5,12.07254696717504,7.62608275807238,24.999999999999993
7,2,2.0,5,4,4,3,4,5,12.36308066783498,7.351158226430694,24.999999999999993
5,2,2.5,3,3,3,4,2,3,11.707677772181546,7.899153483343097,24.999999999999993
5,2,2.0,4,3,3,3,4,4,12.04355959836804,7.857093864902493,24.999999999999993
5,0,2.0,2,3,3,4,0,5,11.58989576532275,7.160069207596126,16.0
6,2,2.0,2,3,3,4,2,5,12.128116509451258,7.423568444259167,24.999999999999993
7,2,3.5,10,4,4,3,4,5,12.498745990829317,8.014335737299424,24.999999999999993
6,1,2.5,3,3,2,0,2,3,11.759793355371237,7.4073177104694174,24.999999999999993
9,3,2.5,9,4,5,4,6,5,12.691583538230217,7.826044013518965,24.999999999999993
7,2,2.0,10,4,4,0,4,5,12.273735966890268,7.33823815006559,24.999999999999993
8,2,2.5,5,4,4,4,6,5,12.665397584983758,8.181440695719372,24.999999999999993
5,2,2.0,3,3,3,3,2,3,11.820123358887445,7.54274354536855,24.999999999999993
5,2,2.0,3,3,3,0,2,3,11.867805799560465,7.580699752224563,16.0
6,1,2.0,3,3,4,0,4,5,11.695255355062795,7.153833801578842,16.0
7,2,2.5,8,3,4,0,4,4,12.321635440497511,7.4342573821331355,36.0
7,2,2.5,5,3,3,3,6,5,12.04355959836804,7.266128779556451,24.999999999999993
5,1,1.5,3,3,3,0,6,3,11.842236406331555,7.285506548522786,16.0
5,1,1.0,3,3,3,0,2,3,11.682676678340282,7.413970290190445,16.0
7,1,2.5,3,3,3,4,2,4,11.884495917930654,7.298445101508148,16.0
5,2,2.0,3,3,3,2,4,5,12.010671928196443,7.696212639346407,16.0
7,2,2.0,7,4,4,0,2,5,11.891368749982085,7.239214973779806,24.999999999999993
5,1,2.0,2,3,3,0,4,5,11.78676973513378,7.4933172488621445,16.0
6,2,1.5,3,3,4,4,4,5,12.111217862017215,7.715569534520209,16.0
8,3,2.5,10,5,5,4,4,5,12.442306148381938,7.622174594817622,36.0
6,0,2.0,2,3,3,0,0,3,11.682676678340282,7.398174092970465,24.999999999999993
10,2,3.5,2,5,4,4,2,4,12.691583538230217,7.9287663216266955,16.0
4,1,1.0,2,3,4,0,2,5,11.798111925972616,7.3613754289773485,16.0
8,3,3.0,8,4,4,4,4,5,12.820990681250251,8.157370441186774,36.0
6,1,2.0,2,3,2,0,2,5,11.775297421715827,7.411556287811163,16.0
5,2,2.0,3,3,3,0,2,3,11.827743504053696,7.334981878871814,16.0
5,1,3.0,6,3,5,4,4,5,11.870606902224585,7.936660155225426,16.0
5,1,1.0,2,3,3,0,2,3,11.283524879179666,6.659293919683638,16.0
7,2,2.5,5,4,4,0,4,5,12.132969552931215,7.636752112435779,24.999999999999993
10,3,3.5,10,5,5,4,6,5,13.02132904585825,8.198364389967619,36.0
5,2,2.0,4,3,3,0,2,5,11.835016210489897,7.398174092970465,16.0
6,2,2.0,5,4,4,0,4,5,11.849404844423074,7.335633981927201,24.999999999999993
5,1,1.0,5,3,3,0,2,3,11.608244735642321,6.829793737512425,24.999999999999993
8,3,3.0,9,4,4,3,4,5,12.672949516558306,8.086102535669099,24.999999999999993
6,1,1.0,2,3,3,0,2,5,11.648373769145278,7.221835825288449,16.0
7,3,2.0,5,4,4,4,4,5,12.176654133447505,7.246368080102461,36.0
5,2,3.0,6,3,4,3,4,5,12.289958727201457,8.032035314398826,24.999999999999993
6,2,3.5,3,3,3,3,4,3,11.92504173829169,7.718685495198466,24.999999999999993
8,2,3.5,10,4,5,4,6,5,12.524530013005734,7.804251383528112,24.999999999999993
6,1,1.5,1,3,4,4,2,3,11.856522261533737,7.226936018493289,16.0
8,2,3.5,5,4,4,3,4,5,12.301387370778713,7.9028571912805825,24.999999999999993
7,2,2.5,7,4,4,0,2,5,11.92504173829169,7.0909098220799835,24.999999999999993
7,2,3.0,5,4,4,3,4,5,12.30592250537653,7.790282380703483,24.999999999999993
7,2,2.5,3,3,3,2,4,3,12.230770136157428,7.800163070392959,16.0
5,2,2.0,5,3,4,0,2,4,11.931642378754141,7.4804283060742085,24.999999999999993
5,1,4.0,2,3,5,0,4,5,12.323860125621126,7.867871490396321,16.0
8,2,2.5,6,3,3,4,3,3,12.791358964949923,8.195057690895078,24.999999999999993
4,1,2.0,3,3,3,0,4,4,11.682676678340282,7.566828479208331,16.0
9,3,3.5,5,4,5,5,4,5,12.653961664405365,8.025516386489008,36.0
6,2,2.5,5,3,3,3,4,3,11.904974309480181,7.401231264413015,24.999999999999993
8,2,3.5,5,4,5,3,6,5,12.474193386571581,7.959625305098115,24.999999999999993
5,0,1.0,4,3,3,0,0,5,11.898194668458823,7.190676034332207,24.999999999999993
4,0,2.0,1,3,3,0,0,5,11.231901180182515,7.13966033596492,24.999999999999993
6,2,2.0,3,3,4,0,4,5,11.83138646878959,7.505492274737424,16.0
6,2,3.5,5,4,4,4,4,5,12.118339189722553,7.584264818389059,24.999999999999993
6,2,1.0,3,3,4,0,2,4,11.566475710526323,6.725033642166843,16.0
9,3,2.0,10,5,4,4,4,5,12.659737267217572,7.537430036586509,36.0
8,3,3.5,8,4,4,4,4,5,12.628070334272698,8.050065422915965,24.999999999999993
3,0,2.0,2,3,3,0,0,3,11.112462823634855,6.809039306042979,16.0
6,2,2.5,5,3,3,3,4,3,12.388398368982115,8.23031079913502,16.0
5,2,1.0,3,3,3,0,2,3,11.81303746480054,7.340186835320115,16.0
6,2,2.5,7,4,4,3,2,5,12.034696963475044,7.566828479208331,24.999999999999993
6,2,3.0,5,3,3,3,4,4,12.014615485902027,7.6197242137826695,16.0
6,2,1.5,3,3,3,0,4,3,11.982935344196433,7.018401799069201,16.0
5,1,1.0,3,3,3,3,4,3,11.848690308590857,7.260522598089852,16.0
6,1,2.0,3,3,3,4,3,5,11.938199736300925,7.752335163302292,16.0
5,2,2.5,3,3,2,3,4,3,11.81303746480054,7.912423121473705,24.999999999999993
6,2,2.5,3,3,3,0,4,3,12.034696963475044,7.745435610274381,16.0
5,1,1.0,2,3,5,0,2,3,11.728044909070785,7.467942332285852,9.000000000000004
8,2,2.0,10,4,4,4,4,5,12.252483791602627,7.364547014255642,24.999999999999993
7,2,2.0,5,3,3,3,4,3,11.320565693461432,7.711548979629146,16.0
5,1,1.5,3,3,3,0,4,3,11.845109950883979,7.60339933974067,16.0
6,2,2.0,2,3,3,0,2,4,11.87757552297847,7.655864017616056,16.0
6,0,2.0,3,2,2,0,0,5,12.206077645517674,8.051022208190679,16.0
2,0,1.0,2,2,2,1,0,2,11.002116507732017,6.685860947068359,16.0
5,1,2.0,2,3,4,0,6,3,11.440365524765756,7.235619141066749,16.0
5,0,1.0,2,3,3,0,0,4,11.350418300109132,6.680854678790215,9.000000000000004
8,3,3.0,5,4,5,4,4,5,12.485830907348902,7.909122183211411,24.999999999999993
8,2,1.5,10,5,5,4,4,5,12.520887034998584,7.914617709040679,36.0
7,2,3.5,7,4,4,3,4,5,12.328294703023396,7.889084407035515,24.999999999999993
8,2,3.5,3,4,5,3,4,4,12.751302594560022,8.32239411311117,24.999999999999993
5,2,2.5,5,3,3,0,4,5,11.931642378754141,7.783640596221254,16.0
9,3,3.5,7,5,5,4,4,5,12.823631142839982,7.968319500012717,36.0
6,2,2.5,3,3,3,0,2,3,11.872353615355413,7.169350016670599,16.0
5,2,1.0,3,3,3,0,2,4,11.495789479023493,6.955592608396297,1.0
6,2,1.0,2,3,3,4,4,5,11.951186847493476,7.374629015218945,16.0
6,2,1.5,3,3,3,3,4,3,11.951186847493476,7.517520850603031,16.0
4,0,2.0,1,3,3,0,0,4,11.344518647594768,7.13966033596492,24.999999999999993
7,2,2.5,7,4,4,0,4,5,12.235393555399902,7.4181808227267885,24.999999999999993
4,1,2.0,2,3,3,4,2,3,11.58989576532275,7.32052696227274,16.0
7,2,2.5,5,4,4,3,4,5,12.160033942617154,7.448333860897476,24.999999999999993
6,1,1.0,1,3,3,0,2,5,11.81303746480054,7.293017679772782,16.0
8,3,3.5,10,4,4,3,4,5,12.765691290604373,8.245384468120747,24.999999999999993
6,1,1.5,1,3,3,0,2,3,11.385103457032141,6.996681488176539,16.0
5,1,2.5,3,4,4,0,4,5,11.8879382384223,7.528331766707247,16.0
7,1,1.5,6,3,3,4,4,3,11.91170829631447,7.315218389752975,24.999999999999993
6,1,1.5,3,3,3,4,4,3,11.487617913343598,7.285506548522786,16.0
5,2,2.0,2,3,3,0,2,5,12.025755079404915,7.66105638236183,16.0
7,2,2.5,5,3,3,3,4,3,12.19552218463499,7.568379267836523,24.999999999999993
8,3,3.5,10,4,4,3,4,5,12.904209855160254,8.29154650988391,24.999999999999993
6,2,2.0,3,3,3,3,4,4,11.608244735642321,7.239214973779806,9.000000000000004
4,2,3.0,2,3,3,0,2,3,11.83138646878959,7.73280753042202,24.999999999999993
8,3,2.5,7,4,5,5,4,5,12.955129822091815,8.247743887225516,36.0
8,2,2.5,5,4,4,3,4,5,12.348010479804223,7.5688956634069955,24.999999999999993
6,2,2.5,3,3,3,1,1,3,11.767575435251748,8.09894674894334,24.999999999999993
6,2,3.0,5,3,4,2,4,5,12.173037959397275,7.943782692458626,24.999999999999993
5,2,2.5,3,3,3,3,2,4,12.031725210748633,7.793999089503996,16.0
4,1,1.0,6,3,2,4,2,5,11.83138646878959,7.074116816197362,9.000000000000004
6,2,3.5,5,4,4,0,4,5,12.063938642041203,7.4205789054108005,24.999999999999993
6,1,3.0,2,3,3,0,2,3,11.548302261270587,7.560601162768557,16.0
6,2,2.5,7,4,3,3,4,3,12.013706813470414,7.588829878307814,24.999999999999993
6,2,3.0,6,3,4,3,4,5,12.458778882573533,8.014996894348302,16.0
6,1,2.0,3,3,3,4,4,3,11.849404844423074,7.615298339825815,16.0
6,2,2.5,3,3,3,3,4,3,11.908346971208951,7.469083884921235,16.0
4,3,3.0,2,3,3,0,5,2,11.373674891823535,7.4815557019095165,16.0
5,1,1.0,2,4,4,0,2,5,11.603688960617085,6.6758232216348485,16.0
8,3,2.5,9,4,4,4,4,5,12.827995001361906,7.624130585661289,36.0
5,2,2.0,3,3,3,0,2,3,11.763691965388299,7.504391559161238,16.0
6,1,2.0,5,3,3,3,4,3,11.870606902224585,7.368970402194793,24.999999999999993
5,1,1.0,3,3,3,0,2,5,11.979391594635793,7.440146680662688,16.0
6,2,2.0,6,3,4,4,4,5,12.06105265381003,7.738488122494645,24.999999999999993
9,3,3.0,5,4,4,3,4,5,12.560247968016562,7.911324018963353,24.999999999999993
7,2,2.5,10,4,3,0,4,4,12.30592250537653,7.517520850603031,24.999999999999993
7,2,3.0,9,4,4,3,4,4,12.242891437918384,8.03947991910045,24.999999999999993
7,2,3.0,7,4,4,0,4,5,12.336556900342153,7.474204806496124,24.999999999999993
7,2,2.5,7,4,4,0,2,5,11.910365121788654,7.2019163175316265,24.999999999999993
8,2,3.0,9,4,4,4,4,5,12.879019669789754,7.768533300926033,24.999999999999993
6,2,2.0,10,4,4,4,4,5,12.179220327453931,7.232010331664759,24.999999999999993
6,2,2.0,5,4,4,3,4,5,11.856522261533737,7.343426229147367,24.999999999999993
10,3,4.0,10,5,5,5,4,5,13.534474352733596,8.660773919893762,36.0
7,2,3.5,8,4,4,4,4,5,12.721888795877375,8.156223323194624,24.999999999999993
5,1,1.0,2,3,3,0,2,5,11.59433032142082,6.97914527506881,16.0
5,2,1.5,2,3,3,0,2,3,11.860062063178265,7.339537695407675,16.0
6,2,3.0,8,3,4,3,4,4,12.07824495582233,7.67693714581808,24.999999999999993
5,1,1.0,2,3,3,0,2,4,11.396402884606209,7.117205503164344,16.0
5,1,1.5,2,3,3,0,2,2,11.724004532183379,7.554858521040676,36.0
5,1,2.0,3,3,3,4,2,5,11.838632824800072,7.355641102974253,16.0
7,2,2.0,7,4,4,0,4,5,12.185875040240456,7.249925536717988,24.999999999999993
8,3,3.0,8,4,4,4,4,5,12.652362948153474,8.031060180240617,36.0
7,2,1.5,5,3,3,0,4,3,11.849404844423074,7.060476365999801,16.0
8,3,2.5,9,5,5,4,6,5,12.799178471909892,7.854381210652365,36.0
5,2,2.0,2,3,4,1,2,4,11.849404844423074,7.502738210754851,24.999999999999993
7,2,3.0,5,4,4,0,4,5,12.269052139516223,7.69484807238461,24.999999999999993
4,0,2.0,1,2,2,0,0,2,10.915106645867501,6.996681488176539,1.0
7,2,3.0,6,3,4,3,4,3,12.618185607609803,8.020927718981575,24.999999999999993
8,2,3.0,10,4,4,4,4,5,12.445093483000797,7.690743163541872,24.999999999999993
7,2,2.5,5,4,4,4,4,5,12.09815887308463,7.284134806195205,24.999999999999993
5,1,1.0,3,3,3,0,4,3,11.60733523953139,6.807934943699926,16.0
3,0,1.0,2,4,3,0,0,4,10.859018228147885,6.593044534142437,16.0
4,1,1.0,1,3,3,0,2,4,11.540316871562142,7.072421900537371,16.0
8,2,3.0,9,4,4,4,4,4,12.149507585033072,7.59890045687141,24.999999999999993
4,2,2.0,2,3,3,0,2,3,11.767575435251748,7.4673710669175595,16.0
6,2,2.5,3,4,4,0,4,5,11.779136168550776,7.607381425639792,16.0
6,2,2.0,5,3,3,3,4,3,12.013706813470414,7.208600337960199,24.999999999999993
7,2,1.5,2,3,3,0,2,5,11.979805470779858,7.845807502637805,16.0
5,2,2.0,5,3,4,2,4,4,11.964007453736912,7.724446645633537,24.999999999999993
7,3,3.5,10,4,4,3,4,5,12.739640688812674,8.18646442942209,24.999999999999993
5,1,1.5,5,3,3,1,4,3,11.763691965388299,7.309881485824787,24.999999999999993
8,2,3.0,9,4,4,3,4,3,12.524530013005734,7.969357742016347,24.999999999999993
6,2,2.0,5,4,4,0,4,5,11.870606902224585,7.32052696227274,24.999999999999993
4,2,1.0,3,3,3,0,2,5,11.732069026983156,6.962243464266207,16.0
4,1,2.0,2,3,3,0,2,5,11.81303746480054,7.293697720601438,16.0
9,3,3.0,2,5,5,4,4,5,12.676079399771027,7.983781068977451,36.0
4,2,1.0,3,3,4,0,2,3,11.699413330633599,7.2991214627108,16.0
6,2,3.0,6,4,4,4,4,5,12.310437165348777,7.819636302367592,24.999999999999993
7,2,3.0,5,4,4,0,4,5,12.178192583415596,7.579167967396076,24.999999999999993
5,3,3.0,3,3,3,0,2,3,11.608244735642321,7.482681828154652,16.0
4,2,1.0,1,3,3,0,2,3,11.542493975902508,6.90875477931522,16.0
8,2,3.0,9,4,4,3,4,5,12.373707715234994,7.93630269320196,24.999999999999993
7,2,3.0,8,4,4,4,4,5,12.141539457711714,7.566828479208331,36.0
7,2,2.5,5,4,4,3,4,5,12.312686874960356,7.7336835707759,24.999999999999993
5,1,2.0,3,3,3,3,4,5,11.786008995353765,7.461065514354283,16.0
5,1,1.0,3,3,3,0,4,3,11.58989576532275,6.855408798609927,16.0
7,2,1.5,2,3,3,3,2,2,12.001511614739407,7.677400430514807,24.999999999999993
3,2,2.0,3,3,3,0,2,4,11.445727410406752,6.947937068614969,1.0
8,3,2.5,5,4,4,4,4,5,12.3879816172226,7.496652438168283,24.999999999999993
5,0,6.0,2,3,3,0,0,3,12.095146671399466,7.783640596221254,24.999999999999993
7,2,2.5,5,4,4,0,4,5,12.154784614286669,7.45529848568329,24.999999999999993
5,2,2.0,2,3,3,0,2,5,11.790564777297387,7.267525427828172,9.000000000000004
6,1,2.5,3,3,4,0,2,4,11.863589378812124,7.4645098346365275,16.0
7,2,2.0,5,3,3,0,4,5,12.095146671399466,7.207859871432475,24.999999999999993
5,2,2.5,3,3,3,3,4,5,12.07254696717504,7.554334823725747,24.999999999999993
8,2,3.0,9,4,4,3,4,4,12.100717685412471,7.635786861395585,24.999999999999993
8,2,4.0,5,5,4,3,6,5,12.61087420020211,8.12296471523406,16.0
7,2,2.5,5,4,4,3,6,5,12.371591321286905,7.846589975291186,24.999999999999993
7,4,1.5,2,4,4,4,2,3,12.491176396967154,7.878912912297133,16.0
7,2,3.0,10,4,4,3,4,5,12.469978029554953,7.878534196140362,24.999999999999993
4,1,2.0,2,3,3,0,2,3,11.49273296168228,7.333023014386481,1.0
4,0,1.0,2,3,3,0,0,4,11.477308649967686,7.039660349862076,16.0
7,2,2.5,5,4,4,0,4,5,11.995357787034974,7.186144304522325,24.999999999999993
6,2,3.0,5,3,4,0,4,5,12.28765724080691,7.899153483343097,24.999999999999993
8,3,2.5,10,4,5,4,4,4,12.526346537332584,7.649216319820633,24.999999999999993
6,2,2.0,3,3,4,0,2,4,11.957617696467539,7.569411792450711,16.0
6,2,2.5,7,3,3,0,2,4,12.058158312538199,7.52456122628536,24.999999999999993
8,2,2.5,5,4,4,0,4,5,12.264346270624157,7.489412083508719,24.999999999999993
6,2,2.5,3,3,3,3,4,3,11.97603664577121,7.509335266016591,16.0
7,2,2.5,7,3,3,0,2,4,12.097378802727306,7.62608275807238,24.999999999999993
8,3,2.5,10,4,4,3,4,5,12.577639650232573,7.883069351305753,24.999999999999993
6,1,1.0,3,3,3,0,2,5,11.755879486687116,7.29776828253138,16.0
5,2,1.0,2,3,2,0,2,3,11.51293546492023,7.442492722794441,16.0
7,2,2.5,7,3,4,0,4,5,12.279327754099118,7.360103972989152,24.999999999999993
8,3,3.5,10,4,4,4,4,5,12.727841176689147,8.16876982367527,24.999999999999993
8,2,2.5,7,4,5,4,4,5,12.506180941677355,8.002694162283937,24.999999999999993
9,2,2.0,7,4,5,4,4,5,12.484208043148731,7.317876198626496,24.999999999999993
7,2,2.5,5,3,3,3,4,3,12.188422799337028,7.653969180478775,24.999999999999993
6,1,3.0,4,3,3,0,4,5,11.982935344196433,7.787796878181171,24.999999999999993
7,2,2.0,5,4,4,4,4,5,12.286905809941219,7.528869256642251,24.999999999999993
8,3,4.5,9,5,5,4,6,5,13.195615697878255,8.454466361507931,24.999999999999993
5,2,2.0,3,3,3,0,2,3,11.812296455066814,7.342131730584721,24.999999999999993
4,2,1.0,2,3,3,0,2,3,11.532737896139919,7.629003889652957,9.000000000000004
6,2,2.0,2,3,3,3,2,3,11.580593459194764,7.418780882750793,16.0
5,1,1.0,3,3,3,0,4,5,11.648338835562749,7.221835825288449,16.0
8,3,2.0,10,4,4,4,4,4,12.886643575525623,7.587817219993427,24.999999999999993
6,2,3.0,4,3,3,0,4,5,11.995357787034974,7.635786861395585,36.0
7,3,2.0,5,4,4,0,4,5,12.308182383129822,7.399398083331354,24.999999999999993
5,2,2.0,3,3,3,2,4,3,11.86710429621008,7.4127640174265625,16.0
5,2,2.0,5,3,3,3,2,3,11.87757552297847,7.61134771740362,1.0
6,2,2.0,4,3,3,0,4,3,11.81303746480054,7.59085212368858,24.999999999999993
7,2,2.0,5,3,3,3,4,4,12.07824495582233,7.134093721192866,24.999999999999993
6,2,2.5,5,4,4,0,4,5,12.077676615757811,7.596392304064197,24.999999999999993
7,2,2.0,5,4,4,0,4,5,12.139403856983334,7.266128779556451,24.999999999999993
5,2,2.0,4,3,4,3,4,5,12.016732516077072,7.699842407396987,24.999999999999993
6,0,2.0,2,3,3,4,0,5,11.759793355371237,7.3031700512368,16.0
6,2,2.0,5,3,3,4,4,3,11.992266613576144,7.707062655370473,16.0
5,1,3.0,2,3,3,0,2,3,11.842236406331555,7.757478766584178,9.000000000000004
7,2,3.5,5,4,4,0,6,5,12.358798024384122,7.916078096302785,24.999999999999993
4,1,1.0,2,3,3,0,2,5,11.588969419043874,6.804614520062623,16.0
6,2,2.5,6,3,4,0,4,4,12.141539457711714,7.884576510596324,16.0
7,2,2.0,5,4,4,4,4,5,11.984184555794165,7.057897937411856,24.999999999999993
6,2,2.0,4,3,3,3,4,3,11.896833207128452,7.379008127628304,24.999999999999993
7,2,3.5,10,4,3,3,4,5,12.505402864156405,7.964155718840938,24.999999999999993
8,2,2.0,7,4,4,0,4,5,12.323860125621126,7.311218384419628,24.999999999999993
7,2,2.5,5,4,4,3,4,5,12.178192583415596,7.547501682814967,24.999999999999993
6,2,2.5,5,3,3,3,4,3,12.049424683420915,7.355641102974253,24.999999999999993
6,2,1.5,3,3,3,3,4,5,11.874097282798648,7.159291904797565,16.0
5,1,1.0,3,3,3,0,4,4,11.608244735642321,7.203405521083095,16.0
9,3,3.5,10,5,5,4,6,5,13.091906231773166,8.052296499538647,36.0
5,1,2.5,3,3,4,3,2,5,12.07254696717504,7.757051142032014,24.999999999999993
6,2,3.5,6,3,4,0,4,4,12.206077645517674,7.67368812926773,24.999999999999993
4,2,2.0,1,3,3,0,2,5,11.60733523953139,7.2399325913204695,16.0
7,2,3.5,5,4,4,4,4,5,12.149507585033072,7.6520707461164825,24.999999999999993
9,3,3.5,10,5,5,4,6,5,13.275829251377,7.945555428253489,36.0
5,1,1.0,3,3,3,0,4,3,11.678448377988163,7.570958583169011,16.0
7,2,2.0,7,4,5,0,4,5,12.335700805443338,7.264730177929867,24.999999999999993
5,1,2.0,3,3,3,0,4,4,11.816734299348461,7.528869256642251,16.0
5,2,3.5,2,3,4,3,4,5,12.317171167298682,7.9676267393338165,16.0
5,2,2.0,3,3,3,4,4,3,11.982622797311855,7.456454555176209,16.0
5,2,2.0,2,3,3,0,2,3,11.571203807011969,7.668093709082406,16.0
6,2,2.5,5,3,4,2,4,2,12.106257835094578,7.762170607138205,16.0
6,2,2.0,5,4,4,4,4,5,11.881041706925902,7.32052696227274,24.999999999999993
5,2,1.0,1,2,2,0,3,3,10.932999821119937,6.9517721643989105,16.0
6,1,1.5,3,3,3,0,4,4,11.96972353334591,7.62608275807238,16.0
5,1,2.0,2,3,2,0,2,4,11.661354090741,7.131698510466911,16.0
7,2,2.0,5,3,4,0,4,5,12.323415584358152,7.415776975415394,24.999999999999993
5,1,1.0,3,3,3,4,4,4,11.827743504053696,7.309881485824787,16.0
8,3,3.0,4,4,4,4,4,5,12.509877789891931,7.97522083865341,24.999999999999993
6,2,2.0,6,3,3,0,4,4,11.951186847493476,7.350516171833998,16.0
7,2,3.0,10,4,4,4,4,5,12.319405795112926,7.645875825184813,24.999999999999993
7,2,2.5,5,4,4,0,4,5,12.117246896289503,7.40306109109009,24.999999999999993
4,2,1.0,2,2,3,0,2,3,11.440365524765756,6.842683282238422,9.000000000000004
7,2,2.5,5,4,4,4,6,5,12.323860125621126,7.458186157340487,24.999999999999993
6,1,2.0,3,3,3,4,2,3,11.845827048676645,7.306531398939505,16.0
8,2,2.0,7,4,4,4,4,5,12.357079818283598,7.306531398939505,24.999999999999993
10,3,3.0,10,5,5,4,4,5,12.861001210669144,8.221747728346623,36.0
5,0,2.0,2,3,4,0,0,4,11.603688960617085,7.358193752733032,16.0
7,2,2.0,5,4,4,3,4,5,12.149507585033072,7.282761179605593,24.999999999999993
5,2,3.0,6,3,3,0,4,3,12.128116509451258,8.051978078902298,16.0
7,2,2.5,7,4,4,0,2,5,11.900912042974875,7.042286171939743,24.999999999999993
6,2,2.5,3,3,3,4,4,3,12.019749091416921,7.796880342783523,16.0
7,2,2.5,7,3,4,0,2,5,11.92504173829169,7.02197642307216,24.999999999999993
7,2,3.5,5,4,4,3,4,5,12.37581963951765,7.746300662231439,24.999999999999993
6,2,1.5,3,3,3,0,4,3,12.025755079404915,7.629489916393996,16.0
5,2,2.0,3,3,3,0,4,4,11.849047640327147,7.448333860897476,16.0
4,2,2.0,3,3,4,0,4,3,11.759793355371237,7.31986492980897,24.999999999999993
5,2,2.0,2,3,3,0,2,4,11.941462360646149,7.5485559791698735,16.0
6,1,2.5,1,3,3,0,2,3,11.51293546492023,7.183870715062453,16.0
5,1,1.5,5,3,4,0,4,5,11.87757552297847,7.003065458786462,24.999999999999993
5,1,1.0,2,3,3,0,2,5,11.779136168550776,7.347943823148688,16.0
6,1,2.0,3,3,2,0,2,3,11.849404844423074,7.40184157874383,16.0
5,2,2.0,2,3,4,1,2,4,11.967187086434018,7.339537695407675,16.0
6,2,2.5,3,3,3,0,4,3,12.071975378543236,7.609366537954212,16.0
5,0,2.0,3,3,3,0,0,5,11.856522261533737,7.496097345175956,16.0
5,3,1.5,2,3,3,4,2,4,11.944064817531656,7.256297239690681,16.0
5,2,3.0,3,3,3,3,3,3,12.049424683420915,8.036573409707312,24.999999999999993
7,2,3.5,5,4,4,3,4,5,12.269052139516223,7.735870319952567,24.999999999999993
5,1,2.0,5,3,3,2,4,5,11.80186424743109,7.1891677384203225,16.0
6,2,3.0,6,3,3,4,2,3,12.388398368982115,7.765993079407675,16.0
6,2,2.5,7,4,3,3,4,5,12.138869243416009,7.526178913346146,16.0
6,2,2.0,5,4,4,0,4,5,11.78676973513378,7.318539548567902,24.999999999999993
8,2,2.0,5,4,4,3,4,5,12.278397958261774,7.284134806195205,24.999999999999993
7,1,2.0,6,3,3,4,2,4,12.00762780434872,7.606387389772652,16.0
6,2,1.5,3,3,3,2,4,3,11.970356641103,7.605890001053122,16.0
5,2,2.5,3,3,3,4,4,3,12.04355959836804,8.061802274538348,16.0
5,1,2.5,3,3,3,0,2,5,11.751950239425476,7.438383530044308,16.0
6,2,2.0,5,3,3,0,2,3,11.898194668458823,7.584264818389059,24.999999999999993
6,2,2.5,5,3,3,3,4,4,12.066816325306588,7.301147805856033,24.999999999999993
7,2,2.0,5,3,3,3,4,3,11.931642378754141,7.223295679562315,24.999999999999993
6,2,3.5,5,3,4,4,4,3,12.429220196836383,8.09376775793108,16.0
7,1,1.5,6,4,4,4,2,4,12.154521423145216,7.2633296174768365,16.0
5,2,2.5,3,3,3,0,4,5,11.78676973513378,7.539558829301031,16.0
6,2,2.0,5,3,3,0,4,3,11.931642378754141,7.26961674960817,24.999999999999993
5,1,2.0,3,3,3,0,4,3,11.794345471549745,7.739359202689098,16.0
7,2,2.0,7,4,4,0,4,5,12.431537500533059,7.224753405767971,36.0
5,2,2.0,3,3,3,0,2,3,11.908346971208951,7.5126175446745105,16.0
8,3,2.0,8,4,4,4,4,5,12.424810506025395,7.4067107301776405,24.999999999999993
4,2,2.5,3,3,2,0,4,3,11.767575435251748,7.627057417018934,16.0
5,2,2.0,5,3,3,3,4,4,12.037659911047468,7.7266536648476425,1.0
7,2,3.5,5,4,4,3,4,5,12.371591321286905,7.901007051992421,24.999999999999993
5,1,1.0,3,3,3,0,2,4,11.603688960617085,6.796823718274855,16.0
6,2,2.5,5,3,4,0,4,5,12.208574513247495,7.690743163541872,24.999999999999993
5,2,1.0,3,4,4,0,4,4,11.661354090741,6.814542897259958,16.0
5,1,1.0,3,4,3,4,4,4,11.798111925972616,7.252762418053188,16.0
5,1,1.5,2,3,3,0,2,5,11.104972264124866,7.0317412587631285,16.0
8,2,2.5,7,4,5,4,6,5,12.623064399210183,7.891704659330107,24.999999999999993
4,2,2.0,4,3,3,0,4,4,11.792456911128632,7.42297125104942,16.0
9,3,3.5,10,4,5,4,4,5,12.765691290604373,8.130059039992796,36.0
5,2,2.0,3,3,4,0,2,3,11.904974309480181,7.628031126930335,16.0
5,1,2.0,5,4,3,0,4,5,11.824087219587643,7.32052696227274,16.0
5,2,2.5,2,3,3,0,4,4,11.964007453736912,7.635786861395585,36.0
7,2,2.5,8,4,4,3,4,5,12.141539457711714,7.8709295967551425,24.999999999999993
6,2,2.5,5,3,3,3,6,4,12.08954444723597,7.374001859350161,24.999999999999993
4,1,2.0,3,4,3,0,2,3,11.682676678340282,7.4673710669175595,16.0
5,1,1.0,3,3,3,0,4,3,11.51293546492023,7.1891677384203225,16.0
9,2,3.0,7,4,4,3,4,5,12.70351207261035,7.988882253309227,36.0
5,2,2.0,3,3,3,0,4,5,11.884495917930654,7.714677473800927,16.0
5,1,1.5,2,3,3,0,4,3,11.816734299348461,7.2399325913204695,16.0
8,2,3.0,3,4,4,3,4,5,12.498745990829317,8.129174996911793,16.0
6,2,2.0,3,3,3,3,4,5,11.915058360753717,7.835974581721566,16.0
5,2,1.0,3,3,3,1,2,5,11.719134432217524,6.829793737512425,16.0
6,2,2.5,3,3,3,3,4,4,12.058158312538199,7.787382026484701,16.0
6,1,1.5,3,3,3,0,4,3,11.9479558477909,7.4570320891223805,16.0
5,1,2.0,3,3,3,4,4,3,12.013706813470414,7.803026643632217,24.999999999999993
5,2,2.0,5,3,3,0,4,3,11.685693195625964,7.336936913707618,1.0
6,2,2.5,3,3,3,3,4,3,11.849404844423074,7.69484807238461,16.0
4,1,1.0,1,3,3,0,2,5,11.575909653758895,7.1204443723924875,16.0
5,2,2.0,5,3,3,0,2,3,11.870278179170796,7.714677473800927,1.0
9,3,3.5,10,5,5,4,4,5,13.323928581764987,8.423541635334782,36.0
5,1,1.0,3,3,3,3,4,3,11.81303746480054,7.43955930913332,16.0
4,1,1.0,3,3,3,0,2,3,11.608244735642321,7.074116816197362,16.0
5,1,2.0,3,3,3,0,2,3,11.938199736300925,7.681099001536359,16.0
7,2,2.5,5,4,4,4,4,5,12.100717685412471,7.31986492980897,24.999999999999993
7,3,2.0,5,4,4,4,4,5,12.388398368982115,7.421177528595393,24.999999999999993
5,1,1.0,3,3,3,0,4,3,11.740069005649719,7.31455283232408,16.0
5,1,2.0,3,3,3,0,4,3,11.759793355371237,7.443078374348516,16.0
8,3,3.0,7,4,4,4,4,5,12.4490227457015,7.438383530044308,24.999999999999993
7,1,1.5,6,4,4,4,4,4,12.429220196836383,7.732369222284388,24.999999999999993
5,2,2.0,4,3,3,0,4,3,11.782960235741939,7.331714969726466,24.999999999999993
6,2,2.5,5,4,4,4,4,5,12.066816325306588,7.3031700512368,24.999999999999993
5,2,2.0,3,3,3,0,2,3,11.946660519211651,7.90765159471109,16.0
5,1,1.5,5,3,4,0,2,3,11.874097282798648,7.289610521451167,24.999999999999993
5,1,1.0,2,3,3,0,2,3,11.385103457032141,7.316548177182977,16.0
5,3,2.0,6,3,3,0,5,3,11.884495917930654,7.734996194022781,16.0
6,2,2.5,7,4,4,0,2,5,12.065280672855897,7.325807502595772,24.999999999999993
4,1,1.5,1,3,3,0,4,2,11.225256725762891,6.996681488176539,16.0
2,1,1.0,1,3,3,0,2,3,10.471978128496518,6.274762021241939,16.0
4,1,1.0,2,3,3,0,4,5,11.81303746480054,7.735870319952567,16.0
7,3,3.5,5,4,4,3,4,5,12.380030154325457,7.940939762327792,36.0
6,2,2.0,3,5,3,3,4,5,12.081081821061817,7.763871287820222,24.999999999999993
6,2,3.0,5,4,4,0,4,5,12.211065162153215,7.8383433155571165,24.999999999999993
5,0,5.0,2,3,3,0,0,4,11.890683588496984,8.09712193091871,16.0
6,2,2.0,5,4,4,4,4,5,12.043500773454493,7.20414929203594,24.999999999999993
6,2,3.0,5,4,4,2,4,5,12.170450649220749,7.8724551500639794,24.999999999999993
6,2,3.0,5,3,3,3,4,3,12.242891437918384,8.12355783506165,24.999999999999993
5,2,2.5,5,3,5,0,4,3,12.07254696717504,7.594381242551817,24.999999999999993
8,3,2.5,10,4,5,4,6,5,12.560247968016562,7.772752716468742,24.999999999999993
7,2,2.5,5,3,3,4,4,4,12.07824495582233,7.836369760545124,16.0
8,2,2.0,5,4,5,3,4,5,12.373707715234994,7.489412083508719,24.999999999999993
7,2,2.5,5,3,4,3,6,4,12.310437165348777,7.71289096149013,24.999999999999993
8,3,2.0,8,4,4,0,4,5,12.211065162153215,7.301822342137932,24.999999999999993
5,1,1.5,3,3,3,0,2,5,11.674202123168433,7.455876687491825,16.0
9,3,2.0,7,5,5,4,4,5,12.676079399771027,7.552762084214148,36.0
7,2,2.0,5,4,4,0,4,5,12.154784614286669,7.3271232922592935,24.999999999999993
7,2,3.0,3,3,4,4,4,5,12.396697137361691,7.822044008185619,24.999999999999993
4,2,1.0,2,3,3,0,2,4,11.288543647320601,6.617402977974478,9.000000000000004
7,2,3.0,5,4,4,0,4,5,12.127575825689417,7.617759576608505,24.999999999999993
7,2,2.5,7,4,4,4,4,5,12.441148720271016,7.746300662231439,24.999999999999993
7,3,2.5,5,4,4,0,4,5,12.38756052157555,7.794411205726601,24.999999999999993
7,1,2.0,6,3,3,3,4,5,12.406565597924233,7.784889295655098,16.0
6,2,2.0,4,3,3,0,4,3,11.924379271639218,8.026496938945412,16.0
7,2,3.5,5,4,4,3,6,5,12.273735966890268,7.949091499830517,24.999999999999993
4,0,4.0,2,3,3,0,0,3,11.918397239722838,7.9658927350845286,24.999999999999993
5,2,2.0,4,3,3,0,4,3,11.870606902224585,7.398174092970465,16.0
6,2,1.5,8,3,4,4,3,4,11.83138646878959,7.501082124259871,16.0
5,2,1.0,2,3,3,0,2,3,11.735276702486743,7.950854857719988,16.0
5,1,2.0,3,3,3,3,4,3,11.870606902224585,7.690286020676768,16.0
8,3,3.0,8,4,4,4,4,5,12.506180941677355,7.982757702011113,24.999999999999993
7,2,2.5,5,4,4,3,4,5,12.167856627501678,7.482681828154652,24.999999999999993
6,2,2.5,5,3,4,3,4,3,12.193498926601634,7.768110378525988,16.0
5,2,2.0,3,3,4,0,2,4,11.767575435251748,7.252762418053188,16.0
5,1,2.0,5,3,3,0,2,4,11.694421681264396,7.382124365737512,16.0
5,1,1.5,5,3,3,0,2,4,11.804855999911272,7.264730177929867,24.999999999999993
5,2,3.0,4,3,3,1,4,5,12.055255569732177,7.909856667269403,16.0
6,0,3.0,2,3,3,0,0,3,11.755879486687116,7.56320059235807,24.999999999999993
6,2,2.0,6,3,3,0,4,3,11.884495917930654,7.8009820712577405,24.999999999999993
6,2,1.5,3,3,3,3,4,3,11.728044909070785,7.323170717943469,24.999999999999993
5,2,1.0,3,3,3,0,2,3,11.790564777297387,7.29641326877392,16.0
7,2,3.0,5,4,4,0,4,5,12.128116509451258,7.619233416226805,24.999999999999993
7,2,3.5,7,4,4,0,2,5,11.951186847493476,7.61134771740362,24.999999999999993
5,0,2.0,2,3,3,0,0,4,11.665655135642039,7.349230824613334,16.0
6,2,3.5,5,3,3,3,4,3,12.513561021741964,8.234564993267135,24.999999999999993
6,2,3.5,3,3,4,3,2,3,11.951186847493476,7.6520707461164825,24.999999999999993
9,2,2.0,5,4,5,0,4,5,12.384223015005313,7.496097345175956,36.0
7,2,3.5,8,4,4,4,6,5,12.277932735946905,7.831617276352611,24.999999999999993
6,2,2.5,5,4,4,4,4,5,12.094587859196112,7.3031700512368,24.999999999999993
5,1,2.5,6,4,3,3,2,5,11.982935344196433,7.459914766241106,16.0
5,1,2.0,3,3,3,0,4,3,11.81303746480054,7.601402334583733,16.0
3,0,1.0,2,3,3,0,0,2,10.542732775946707,6.8762646118907655,16.0
6,1,2.0,3,3,3,0,4,3,11.849404844423074,7.3833681469923835,16.0
4,0,1.5,3,3,3,0,0,3,11.81303746480054,7.084226422097917,16.0
7,2,2.0,10,4,4,0,6,5,12.06105265381003,7.693481640835175,24.999999999999993
6,1,2.0,5,3,3,3,4,3,11.507922973347437,6.823286122355687,24.999999999999993
7,2,2.0,7,4,4,0,4,5,12.111767460549332,7.264730177929867,24.999999999999993
7,2,1.0,2,3,4,0,2,3,12.02874460037869,7.610852790395251,24.999999999999993
7,2,3.5,7,4,4,0,2,5,12.013706813470414,7.6128310304073565,24.999999999999993
4,0,1.0,2,3,2,0,0,3,11.356283350762888,6.76849321164863,24.999999999999993
7,2,2.5,7,4,4,0,4,5,12.20557752297723,7.761319180947988,24.999999999999993
4,2,1.0,2,3,3,0,2,5,11.608244735642321,7.277247726631484,16.0
5,2,2.0,3,3,3,0,2,3,11.842236406331555,7.4804283060742085,16.0
7,2,2.0,3,5,5,0,4,4,12.091789104493502,7.532088143541723,16.0
8,3,3.5,10,4,4,3,4,5,12.724869415131389,8.151044945685022,24.999999999999993
7,2,2.0,5,4,4,4,4,5,11.982278882874377,7.144407180321139,24.999999999999993
8,2,2.5,5,4,4,4,4,5,12.452545929916718,7.736743682453495,24.999999999999993
5,2,2.0,4,3,4,0,4,3,11.744045122410059,7.458762692380959,1.0
5,1,2.0,2,3,3,0,2,3,11.736077016252437,7.698482787880946,16.0
6,1,1.0,2,3,4,0,4,4,11.669937760751914,7.400009517162692,16.0
9,3,3.5,10,5,5,4,4,5,12.887129532148373,8.185071477532283,36.0
6,2,2.5,5,3,4,3,4,3,12.180759965737863,7.690286020676768,16.0
7,2,2.5,7,4,4,0,4,5,12.190964083849375,7.3632795869630385,24.999999999999993
8,3,3.5,10,4,4,3,4,5,12.759960632315702,8.151044945685022,24.999999999999993
8,2,1.5,2,4,4,4,4,4,12.031725210748633,7.580189417944541,16.0
6,2,2.5,3,3,4,2,4,4,12.138869243416009,7.826044013518965,16.0
6,2,2.5,5,3,4,0,4,5,12.066241450757124,7.313886831633462,24.999999999999993
10,3,3.0,10,5,5,4,4,5,12.729323752253295,7.969357742016347,36.0
4,1,2.5,2,3,3,0,2,3,11.7085004721646,7.387090235656757,16.0
5,1,2.0,3,3,3,0,4,3,11.824087219587643,7.583756300707112,16.0
6,2,2.0,5,3,3,3,4,3,12.128116509451258,7.274479558773871,16.0
3,1,1.0,1,3,3,4,2,2,11.418625774449596,6.982862751468942,16.0
7,2,3.0,5,4,4,0,4,5,12.235636302128867,7.546974117516527,24.999999999999993
3,2,1.0,2,3,2,0,2,2,11.314486721293983,6.851184927493742,1.0
5,1,1.0,2,3,5,0,2,5,11.362114203075016,6.53958595561767,9.000000000000004
8,3,2.0,7,4,4,4,4,5,12.354496960983985,7.377133712833954,24.999999999999993
5,2,2.0,5,3,3,0,2,2,11.827049837927534,7.427144133408616,16.0
7,2,2.0,5,4,4,4,4,5,12.106257835094578,7.3271232922592935,24.999999999999993
5,1,2.0,5,4,3,0,4,3,11.917730355182513,7.365812837209472,24.999999999999993
6,2,2.5,3,3,3,3,4,4,12.004574385508693,7.970740390007096,24.999999999999993
4,1,1.5,1,3,3,0,4,3,11.385103457032141,7.40184157874383,16.0
7,2,2.0,4,4,4,4,4,5,12.388398368982115,7.444833273892193,36.0
5,0,2.0,3,3,3,0,0,5,11.532737896139919,6.916715020353609,16.0
5,1,2.0,3,3,3,4,4,3,11.81303746480054,7.148345743900068,16.0
5,0,2.0,2,3,3,0,0,3,11.51293546492023,7.417580402414544,1.0
6,1,1.5,6,3,4,3,2,3,12.013706813470414,7.315218389752975,16.0
5,1,2.0,2,3,3,0,2,3,11.350418300109132,7.458762692380959,16.0
6,1,1.0,3,3,3,4,2,3,11.688566422839942,7.257707677160043,16.0
8,2,3.5,5,4,4,0,4,5,12.332709701740178,7.744569809354496,24.999999999999993
7,2,3.0,5,4,4,3,4,5,12.220966184120165,7.693937325509271,24.999999999999993
8,2,2.0,9,4,4,5,4,4,12.141539457711714,7.781973234434385,24.999999999999993
7,2,2.5,5,4,4,3,4,4,11.982935344196433,7.29505641646263,24.999999999999993
7,2,2.0,5,4,4,4,4,5,12.271349956195543,7.328437352895162,24.999999999999993
4,2,2.5,2,3,4,0,4,5,12.07824495582233,7.676473646389156,24.999999999999993
7,2,3.0,5,4,4,0,4,5,12.175618592671356,7.552237287560801,24.999999999999993
5,1,1.0,2,3,3,0,2,4,11.373674891823535,7.360739903058278,16.0
7,2,2.0,5,4,4,4,4,5,12.160033942617154,7.3271232922592935,24.999999999999993
8,2,3.0,8,4,4,4,4,3,12.567240979056244,8.403800504061147,24.999999999999993
5,2,2.0,5,3,3,0,2,3,11.630717389475995,7.305860032684008,16.0
5,2,2.0,3,3,3,4,4,3,12.02874460037869,7.581719640125308,16.0
8,3,3.0,8,4,4,4,4,5,12.58819406417528,8.058327306580958,24.999999999999993
5,1,2.0,3,3,3,4,4,3,11.561725152903833,7.487733761436444,16.0
6,1,2.0,1,3,3,0,2,4,11.678448377988163,7.336936913707618,16.0
5,0,2.0,3,3,3,0,0,4,11.982935344196433,7.564757012905729,16.0
7,2,3.5,3,3,3,3,3,5,12.190964083849375,8.073714641109857,16.0
8,3,3.5,10,4,4,3,4,5,12.644330802262578,8.169902647359145,24.999999999999993
7,3,3.0,5,4,4,0,4,5,12.345838935721968,7.878912912297133,24.999999999999993
5,1,1.0,6,3,2,4,3,5,11.693169865968983,6.86171134048073,9.000000000000004
4,1,1.0,2,3,3,0,2,5,11.338583982516493,6.740519359606224,1.0
9,3,3.0,8,4,5,5,4,5,12.66191713053049,7.879669914604289,36.0
8,2,2.5,5,4,4,3,6,5,12.567240979056244,7.724888439323073,24.999999999999993
4,0,1.5,1,3,3,3,0,3,11.48247656671073,7.20414929203594,16.0
4,1,2.0,1,3,3,0,4,3,11.289794413577894,7.038783541388541,24.999999999999993
5,2,3.0,3,3,3,3,4,5,11.951186847493476,7.883823214892153,16.0
6,2,2.0,5,3,4,0,4,4,12.06105265381003,7.64826303090192,16.0
6,2,3.0,10,4,4,4,4,5,12.185875040240456,7.699389406256736,24.999999999999993
7,2,3.5,5,3,4,5,4,5,12.47717172708952,8.13593277200489,24.999999999999993
8,2,3.5,5,4,4,4,4,3,12.535379989788606,8.19671240721307,24.999999999999993
3,2,2.0,2,3,3,4,4,5,11.846543632608535,7.458186157340487,1.0
9,3,3.5,9,4,5,4,6,5,13.229569788348705,8.042056410058754,36.0
5,2,1.5,5,3,3,0,2,5,11.884495917930654,7.424761761823209,24.999999999999993
5,2,1.0,4,3,3,3,4,3,11.652696102959755,7.4798641311650265,1.0
4,1,1.0,2,3,4,0,2,5,11.349241150793087,6.836259277277066,1.0
7,2,2.0,5,4,4,0,4,5,12.080996832096169,7.172424577124845,24.999999999999993
7,2,2.0,5,4,4,4,4,5,12.206782393599415,7.1831117017432815,24.999999999999993
6,2,2.0,3,3,3,3,4,3,12.013706813470414,7.791522819150733,16.0
5,1,1.0,2,3,3,4,3,5,11.881041706925902,7.554858521040676,16.0
8,2,3.5,5,4,4,4,4,5,12.4490227457015,7.980023592310645,24.999999999999993
6,2,2.5,5,3,3,3,4,3,12.100717685412471,7.681560362559537,24.999999999999993
7,2,3.0,10,4,4,4,4,5,12.13270055639427,7.6128310304073565,24.999999999999993
7,2,2.5,10,4,4,4,6,5,12.421188057397053,7.802209316247118,24.999999999999993
9,3,3.5,10,5,5,4,4,5,12.721888795877375,8.045908742270779,36.0
6,2,1.5,6,3,3,4,2,3,12.301387370778713,7.953669778649798,16.0
8,2,3.0,9,4,4,0,4,5,12.271396795480598,7.5781454724194655,24.999999999999993
3,3,1.0,1,2,3,0,2,3,11.30221677925738,6.796823718274855,16.0
5,2,2.0,2,3,3,0,2,3,11.407576060361786,7.757051142032014,16.0
6,2,1.0,2,3,4,4,2,4,11.612779849672751,7.313886831633462,16.0
5,2,1.5,3,3,3,1,4,5,11.944714374881178,7.661527081358518,16.0
7,2,3.5,6,4,4,0,4,5,12.70077193614212,8.149601735736155,36.0
6,2,2.5,5,4,3,3,4,4,12.08954444723597,7.360103972989152,24.999999999999993
6,2,2.5,3,3,3,0,4,3,12.031129798974042,7.779885115070522,16.0
6,2,3.5,1,3,3,4,4,4,11.927687224983488,8.119398589612292,24.999999999999993
5,2,1.5,3,3,4,0,2,3,11.81303746480054,7.01571242048723,16.0
5,1,2.0,3,3,3,0,4,3,11.81303746480054,7.399398083331354,16.0
6,2,1.5,5,3,3,0,4,5,11.944714374881178,7.5256399750415355,16.0
5,1,2.5,2,3,3,3,2,2,11.424105180165641,7.284134806195205,9.000000000000004
6,2,1.5,2,3,3,0,4,3,11.979805470779858,7.581719640125308,16.0
7,3,2.0,5,4,4,0,4,5,12.175618592671356,7.123672785204608,24.999999999999993
7,1,1.5,6,3,3,4,4,3,12.299112067295642,7.67368812926773,16.0
5,2,2.5,2,3,4,3,4,4,12.04355959836804,7.646353722445999,9.000000000000004
5,1,2.0,3,3,3,0,4,5,11.840796531639839,7.582229194276461,16.0
6,2,2.0,5,4,4,4,4,5,11.956976469393481,7.32052696227274,24.999999999999993
5,1,1.0,5,3,3,0,4,4,11.744045122410059,7.303843225277705,24.999999999999993
6,2,2.5,5,4,4,0,4,5,11.884495917930654,7.557472901614746,16.0
5,1,2.5,3,3,3,0,4,2,11.798111925972616,7.5310163320779155,16.0
7,2,2.0,5,4,4,4,4,5,12.165255859329688,7.286191714702381,24.999999999999993
6,1,2.0,3,3,3,4,4,3,11.982935344196433,7.498315870766981,16.0
6,2,2.5,5,3,3,3,4,4,12.141539457711714,7.645397699428634,24.999999999999993
6,2,2.0,5,3,4,0,4,5,11.898194668458823,7.463936604468925,24.999999999999993
4,1,1.5,1,3,3,0,4,3,11.332613886815137,7.2633296174768365,16.0
8,3,2.5,7,4,4,4,4,5,12.437188334739655,7.577633832602728,24.999999999999993
7,2,2.0,2,4,4,0,2,5,11.83138646878959,7.444248649496705,24.999999999999993
8,2,2.5,7,4,4,4,4,5,12.190964083849375,7.734996194022781,24.999999999999993
3,2,2.0,3,3,3,0,2,2,11.439289689006642,6.947937068614969,1.0
7,2,3.5,7,4,4,0,2,5,11.982935344196433,7.47477218239787,24.999999999999993
6,2,2.0,3,3,3,4,2,2,11.824087219587643,7.658227526161352,16.0
5,2,2.5,3,3,4,0,2,4,11.891368749982085,7.529406457837013,16.0
5,1,2.0,3,3,3,0,4,5,11.767575435251748,7.261927092702751,16.0
6,2,2.0,5,4,4,4,4,4,12.080696479888447,7.199678345691172,24.999999999999993
6,0,1.5,1,3,4,0,0,3,11.751950239425476,7.212294468500342,16.0
8,2,1.5,9,4,4,0,4,5,12.04355959836804,6.9930151229329605,24.999999999999993
4,1,1.0,2,3,3,0,2,3,11.759793355371237,7.599401333415815,16.0
7,2,2.0,5,3,3,3,4,3,11.964007453736912,7.743269700829004,24.999999999999993
2,1,1.0,3,3,2,0,2,3,11.002116507732017,6.591673732008658,16.0
5,1,1.0,3,3,3,0,2,3,11.691080018519527,7.408530566894626,16.0
5,1,1.0,3,3,3,0,4,5,11.81303746480054,7.45182223652793,16.0
6,2,1.5,3,3,3,2,6,5,11.979805470779858,7.52294091807237,16.0
5,2,2.5,1,3,3,0,2,3,11.571203807011969,7.172424577124845,16.0
8,2,3.5,10,4,4,3,4,5,12.691583538230217,8.203851372183879,36.0
7,2,3.0,5,4,4,3,4,4,12.100161978566867,7.687538766201629,24.999999999999993
7,2,2.5,5,4,4,4,6,5,12.52352951631214,7.611842399580417,36.0
6,2,2.5,5,3,3,3,4,5,12.106257835094578,7.433075348898581,24.999999999999993
8,3,3.0,10,4,4,4,4,5,12.54254845357358,7.964155718840938,36.0
6,2,3.5,5,3,3,3,4,4,12.144202560946876,7.537962659768208,24.999999999999993
7,2,2.5,5,3,3,4,4,3,12.230770136157428,7.769800996003896,16.0
5,1,2.0,3,3,3,0,2,3,11.774527900858466,7.329749689041512,16.0
5,1,2.0,3,3,4,0,4,4,11.80932691294063,7.409741954080924,16.0
5,1,1.0,2,3,4,0,2,5,11.669937760751914,7.130098510125578,16.0
8,3,3.0,10,4,5,4,4,5,12.669809806411457,7.915348169263078,36.0
8,2,3.5,5,4,4,3,6,5,12.123239799036943,7.4804283060742085,24.999999999999993
5,2,2.0,3,3,4,0,4,5,11.775297421715827,7.3758821482150125,16.0
5,1,1.5,3,3,3,0,6,3,11.849404844423074,7.379008127628304,16.0
5,1,1.0,3,3,3,0,4,3,11.803361242493628,7.2513449833722134,16.0
6,1,1.0,1,3,3,4,2,3,11.681832447342321,6.920671504248684,16.0
7,3,2.0,5,4,4,0,4,5,12.268582547911404,7.3632795869630385,24.999999999999993
4,1,1.0,2,3,3,0,3,5,11.626263078808801,6.8679744089702925,16.0
5,0,1.5,2,3,3,0,0,5,11.678448377988163,6.54965074223381,16.0
7,2,2.5,5,3,4,3,4,4,12.007017865994577,7.301822342137932,24.999999999999993
4,2,1.0,3,3,2,3,2,3,11.652696102959755,6.913737350659685,16.0
7,3,2.0,5,4,4,3,4,5,12.066816325306588,7.349873704738337,24.999999999999993
7,3,3.0,5,4,4,4,4,5,12.464587201678082,7.9483852851119,24.999999999999993
7,2,2.5,5,4,4,4,6,5,12.278397958261774,7.580699752224563,24.999999999999993
5,2,2.0,2,3,3,0,2,3,11.849404844423074,7.5352967024440884,24.999999999999993
4,2,3.0,3,3,4,3,2,3,11.81303746480054,7.86480400332846,16.0
5,0,1.0,4,3,3,0,0,3,11.445727410406752,7.079184394609668,24.999999999999993
6,1,2.0,2,3,2,0,2,3,11.674202123168433,7.701200180857446,16.0
8,2,2.5,5,4,4,3,4,5,12.386312871189734,7.865187954187467,24.999999999999993
6,2,2.5,5,3,3,3,4,4,12.037659911047468,7.3783837129967145,24.999999999999993
6,1,1.0,2,3,3,4,2,3,11.532737896139919,6.894670039433482,16.0
6,1,1.0,3,3,3,0,4,3,11.686887175419704,7.334981878871814,16.0
5,0,1.0,3,3,3,0,0,4,11.451060699493427,6.928537818164665,16.0
6,2,3.0,4,3,4,3,4,3,12.185875040240456,8.05038445306702,16.0
5,2,1.0,2,3,3,4,2,3,11.87757552297847,7.502738210754851,16.0
5,2,2.0,3,3,3,0,2,3,11.842236406331555,7.498315870766981,16.0
5,2,3.5,5,3,4,3,4,5,12.193498926601634,7.718685495198466,16.0
8,3,4.0,5,4,4,3,6,5,12.959540872420414,8.288785810426928,36.0
5,0,1.0,3,3,3,0,0,3,11.289794413577894,7.166265974133638,16.0
4,1,2.0,2,3,2,0,2,2,11.289794413577894,7.149131598557407,24.999999999999993
5,1,1.0,2,3,3,4,2,5,11.91170829631447,7.3632795869630385,16.0
6,2,3.0,5,4,4,3,4,3,12.100717685412471,7.846589975291186,24.999999999999993
7,1,1.5,6,3,2,4,4,5,12.069685751267224,7.517520850603031,16.0
7,1,1.0,2,3,3,4,2,3,11.669082701743504,7.013915474810528,16.0
7,2,1.5,2,3,3,0,2,5,11.870606902224585,7.653020413804189,16.0
6,1,1.0,3,3,4,4,4,5,11.728044909070785,6.838405200847344,16.0
5,2,1.5,2,3,2,4,4,3,11.917730355182513,7.404279118037268,16.0
6,2,1.0,6,3,5,4,4,5,12.345838935721968,7.884199933676038,16.0
6,1,1.0,1,4,3,0,2,5,11.699413330633599,7.2115567333138015,16.0
7,2,2.0,3,3,4,4,4,3,12.215037342290755,7.729735331385051,16.0
5,2,3.0,7,4,4,2,4,3,12.292254928916668,7.861341795599989,24.999999999999993
5,2,2.5,3,3,4,4,4,4,12.100161978566867,7.549082710812287,16.0
7,2,3.0,10,4,4,4,4,5,12.345838935721968,7.704811922932595,24.999999999999993
8,3,2.0,7,4,4,0,4,5,12.367889578686164,7.365812837209472,24.999999999999993
6,2,2.5,5,4,4,3,4,3,12.128116509451258,7.7488913372555315,16.0
6,2,2.5,3,3,3,3,4,2,11.891368749982085,7.477604243197589,24.999999999999993
6,2,2.0,6,4,4,4,2,5,12.319405795112926,7.7702232041587855,16.0
5,2,1.0,3,3,3,1,4,4,11.767575435251748,7.234898420314832,24.999999999999993
4,2,3.0,3,3,3,0,1,3,11.59873612138334,7.806696372521179,24.999999999999993
5,2,2.5,7,3,4,3,4,5,12.175618592671356,7.825644732219989,24.999999999999993
7,2,2.0,10,4,4,0,4,5,12.359527368950229,7.315218389752975,24.999999999999993
8,3,2.0,5,4,4,0,4,5,12.410445117319812,7.43543801981455,24.999999999999993
6,2,3.5,5,3,3,3,4,5,12.06105265381003,7.80710329012598,24.999999999999993
6,2,2.0,2,3,4,3,3,5,12.367345048436391,7.913886714856082,16.0
10,3,4.5,10,4,4,3,4,5,13.345508528717259,8.520188700396035,36.0
6,1,2.0,4,3,3,1,4,3,12.049424683420915,7.40306109109009,16.0
6,2,2.0,3,3,3,3,4,5,12.001511614739407,7.562161631225652,16.0
7,2,2.5,7,4,4,0,2,5,12.05467400868968,7.131698510466911,24.999999999999993
5,0,3.0,6,3,5,4,0,3,12.208574513247495,8.079927770758276,16.0
6,2,2.5,6,3,3,4,2,3,12.384223015005313,7.954723334497909,24.999999999999993
8,2,2.5,10,4,4,3,4,5,12.560247968016562,8.18116085802341,24.999999999999993
5,1,2.0,4,3,3,0,4,3,11.691080018519527,7.3664451483276,16.0
6,1,1.0,2,3,3,0,2,3,11.652696102959755,7.4342573821331355,16.0
5,1,1.5,6,3,3,4,2,5,11.950541482162043,7.203405521083095,16.0
5,0,1.0,2,3,3,4,0,4,11.440365524765756,7.025538314638521,1.0
7,2,2.5,8,3,3,0,4,5,12.429220196836383,8.224431573221159,24.999999999999993
8,2,3.5,6,5,4,4,4,5,12.880294363972055,8.049746290952193,36.0
10,3,4.5,10,4,5,3,4,5,13.521140839642674,8.790725628263576,36.0
5,2,2.0,2,3,3,4,2,5,11.695255355062795,7.5766097669730375,16.0
5,3,2.5,8,3,3,3,5,4,12.137263685701866,7.912789220690681,16.0
5,1,2.0,2,3,3,0,4,4,11.560772327227415,7.3864708488298945,16.0
3,2,3.0,2,3,3,0,1,3,11.461642696843066,7.668561108015898,9.000000000000004
8,3,3.0,10,4,4,2,4,5,12.476103599529843,8.033009498596668,24.999999999999993
7,2,2.5,5,4,4,0,4,5,12.180759965737863,7.415175109613295,24.999999999999993
7,2,2.5,5,3,4,3,4,4,12.149507585033072,7.498315870766981,16.0
4,4,2.0,4,3,3,3,5,5,12.031725210748633,7.930925372483388,16.0
8,2,2.5,7,4,4,0,2,5,12.066816325306588,7.273786317844894,24.999999999999993
5,1,1.0,2,3,4,0,2,4,11.736077016252437,7.29505641646263,16.0
6,2,3.0,4,3,3,0,4,5,12.013706813470414,7.653494909661252,36.0
6,1,1.5,3,3,3,0,4,3,11.970356641103,7.452402451223638,16.0
6,2,2.5,5,3,4,0,4,5,12.07824495582233,7.284134806195205,24.999999999999993
7,3,2.5,5,4,4,4,6,5,12.297790015278652,7.530479995245537,24.999999999999993
7,1,1.0,2,3,3,4,2,5,11.87757552297847,7.433075348898581,16.0
7,2,2.0,5,4,4,0,4,5,12.08954444723597,7.10085190894405,24.999999999999993
4,2,1.5,3,3,3,1,4,4,11.904974309480181,7.5652752818989315,16.0
4,1,1.0,3,3,3,0,4,4,11.661785028640898,6.762729506931879,16.0
7,2,2.5,5,3,4,0,4,5,12.19552218463499,7.484368643286131,24.999999999999993
5,1,2.0,2,3,3,2,2,5,11.669937760751914,7.207118856207756,16.0
7,2,2.0,5,4,4,3,4,5,12.269052139516223,7.3969486026210145,24.999999999999993
5,2,2.5,5,3,3,0,4,5,11.941462360646149,7.529943370601589,24.999999999999993
7,3,2.0,5,4,4,3,4,4,12.513193308436529,7.958227192322312,24.999999999999993
4,1,2.0,5,3,3,0,2,3,11.580593459194764,7.655864017616056,16.0
6,2,3.0,5,4,4,0,4,5,12.206077645517674,7.621195162809845,24.999999999999993
5,2,2.0,3,3,3,0,2,3,11.849404844423074,7.547501682814967,16.0
8,2,3.0,7,4,4,4,4,5,12.577639650232573,7.9658927350845286,36.0
6,2,2.5,5,4,4,3,4,5,12.149507585033072,7.520776415062797,24.999999999999993
8,2,2.0,5,4,3,0,3,4,12.00762780434872,7.687080155783135,24.999999999999993
4,1,2.0,2,3,3,0,4,3,11.635151947212842,6.92461239604856,16.0
4,1,1.5,3,3,3,0,4,5,11.884495917930654,7.3833681469923835,16.0
5,1,2.0,3,3,3,0,4,3,11.80932691294063,7.486613313139954,16.0
5,1,1.0,3,3,3,0,2,3,11.736077016252437,7.278628942320682,16.0
6,2,2.0,3,3,3,0,4,3,11.626263078808801,7.55118686729615,1.0
8,2,3.0,7,4,4,0,4,5,12.343470927093518,7.719129840906732,24.999999999999993
4,0,1.0,2,3,3,0,0,4,11.296024885689746,6.816735880594968,1.0
6,0,1.5,1,3,3,0,0,3,11.424105180165641,7.105786129481272,16.0
5,1,1.0,3,3,3,0,4,3,11.652696102959755,7.509335266016591,16.0
5,1,1.0,3,3,3,3,4,5,11.805602541591771,7.577633832602728,16.0
6,1,2.0,3,3,3,4,4,5,11.870606902224585,7.622174594817622,16.0
5,2,2.0,3,3,3,0,2,3,11.834291315386716,7.970049304976135,16.0
7,2,3.5,5,4,4,4,4,5,12.122696471358964,7.703007682479236,24.999999999999993
6,1,1.5,3,3,3,0,4,5,11.884495917930654,7.406103381237015,16.0
6,3,2.5,7,4,4,4,6,5,12.273735966890268,7.56734567601324,24.999999999999993
5,2,2.0,3,3,4,0,2,5,11.898194668458823,7.318539548567902,16.0
9,3,2.5,10,5,5,4,4,5,12.813920618864572,8.084254106307318,36.0
5,1,2.0,3,3,3,0,3,4,11.751950239425476,7.684324067681154,16.0
5,2,3.0,3,3,3,3,6,5,12.154784614286669,8.110727582974489,24.999999999999993
5,2,2.0,3,3,3,0,4,3,11.794345471549745,7.597897950521784,16.0
4,2,2.0,3,3,3,0,1,3,11.530775206233024,7.110696122978827,1.0
5,2,2.0,3,3,3,0,4,2,11.863589378812124,7.691200097522863,16.0
5,0,1.5,3,3,3,0,0,3,11.775297421715827,7.583247524303362,16.0
5,1,1.5,6,3,3,0,2,4,11.841423131921784,7.48717369421374,24.999999999999993
7,2,2.5,10,4,4,0,6,5,12.075400019877522,7.394493107219037,24.999999999999993
7,2,2.5,5,4,4,4,6,5,12.180759965737863,7.575071699507561,24.999999999999993
6,2,1.5,5,4,3,0,2,5,11.86710429621008,7.040536390215956,24.999999999999993
8,2,2.0,8,4,5,4,4,5,12.490879338036375,7.556427969440253,24.999999999999993
7,2,3.5,5,4,4,0,4,5,12.323415584358152,7.7488913372555315,24.999999999999993
7,3,2.0,7,4,4,0,4,5,12.42250975887691,7.4324838079171185,24.999999999999993
7,2,3.0,5,3,4,3,4,3,12.04355959836804,7.708410667257368,24.999999999999993
10,3,3.5,10,5,5,4,4,5,13.049794835104814,8.149890544402423,36.0
8,2,1.0,6,3,4,4,2,2,12.345838935721968,7.325148957955575,24.999999999999993
6,2,3.5,5,3,3,3,6,5,12.08954444723597,7.533158807455563,24.999999999999993
7,2,2.5,7,4,4,0,4,5,12.136191879981926,7.348587530927593,24.999999999999993
6,3,2.0,4,3,3,0,4,3,12.042971193457888,7.3613754289773485,16.0
6,2,1.5,2,3,3,4,2,2,11.771443882099636,7.774015077250728,24.999999999999993
5,1,1.0,3,3,3,0,4,3,11.686887175419704,7.3895639536776345,16.0
7,2,3.5,3,4,5,3,4,5,12.404927602627595,8.063377822367027,16.0
7,2,2.0,10,4,4,4,4,5,12.053801032483948,7.2485040723706105,24.999999999999993
5,1,2.0,4,3,3,0,4,3,11.775297421715827,7.233455418621438,16.0
7,2,3.5,7,4,4,4,4,3,12.591338447675579,8.10892415597534,16.0
7,2,2.5,2,4,4,4,6,5,12.016128107502666,7.4127640174265625,24.999999999999993
6,1,1.0,2,3,3,4,2,3,11.755879486687116,7.491645473605133,16.0
8,2,3.0,10,4,4,3,4,5,12.616528611893463,8.102283624480073,24.999999999999993
5,0,1.0,2,3,3,0,0,5,11.511934974596555,6.762729506931879,9.000000000000004
7,2,3.0,5,4,4,0,4,5,12.154784614286669,7.507690077819904,24.999999999999993
6,2,2.5,3,3,3,0,4,4,11.92504173829169,7.647308832356238,24.999999999999993
6,2,2.5,5,3,3,3,6,5,12.106257835094578,7.424165281042028,24.999999999999993
5,1,1.0,3,3,3,0,4,4,11.766799946849085,7.349230824613334,16.0
4,1,2.0,6,3,3,3,4,5,11.992266613576144,7.489412083508719,16.0
6,2,1.0,2,3,3,4,2,5,12.103491596905931,7.509335266016591,16.0
6,2,3.0,3,4,4,0,4,5,12.106257835094578,7.380255788426459,24.999999999999993
7,2,3.5,7,4,4,0,2,5,12.122152848315528,7.55118686729615,24.999999999999993
7,1,1.5,2,2,3,4,2,3,11.711784520403112,7.544332108053688,16.0
9,3,2.0,8,5,5,4,4,5,12.843973993864076,7.610357618312837,36.0
8,3,3.5,6,3,4,4,6,5,12.85055727877731,8.199738960630787,16.0
5,1,1.5,3,3,3,0,4,3,11.87757552297847,7.59337419312129,16.0
7,2,2.5,6,4,4,3,4,3,12.468440756144116,7.931284761525891,24.999999999999993
6,2,2.0,5,3,4,4,4,4,12.132162346145595,7.306531398939505,16.0
5,1,2.0,3,3,3,0,4,3,11.827743504053696,7.53422832627409,16.0
6,1,2.0,2,3,5,4,3,4,12.083910661257521,7.638679823876112,16.0
5,2,2.0,6,3,3,4,2,5,11.842236406331555,7.131698510466911,16.0
5,2,2.0,3,3,3,0,2,4,11.827743504053696,7.669028288589683,16.0
6,2,2.0,5,3,3,3,4,3,11.995357787034974,7.5953872788539725,16.0
6,2,2.5,5,3,3,4,4,2,12.19552218463499,7.720017940432244,24.999999999999993
8,2,3.5,5,4,4,4,4,5,12.37581963951765,7.950149887652017,24.999999999999993
4,2,1.0,1,3,3,0,2,3,11.133142723386813,7.029087564149663,16.0
7,2,3.0,5,4,4,0,4,5,12.332709701740178,7.767263996757308,24.999999999999993
7,2,3.0,8,3,3,3,4,3,12.100717685412471,7.780303087908373,24.999999999999993
5,2,2.0,5,3,4,0,2,3,11.921725007667265,7.448333860897476,24.999999999999993
6,0,3.0,4,3,3,0,0,3,11.842236406331555,7.509335266016591,16.0
6,1,2.0,3,3,4,4,2,5,12.037659911047468,7.803026643632217,16.0
6,1,1.0,2,3,3,4,2,5,11.794345471549745,7.253470382684528,16.0
6,2,2.5,5,3,3,4,4,3,11.870606902224585,7.590346945602565,16.0
5,2,2.5,6,3,3,0,4,2,12.154784614286669,7.781138509845015,16.0
8,2,3.0,9,4,5,5,4,5,12.535379989788606,7.943782692458626,24.999999999999993
8,3,2.5,10,4,5,4,6,5,12.54611350702841,7.58629630715272,24.999999999999993
5,2,2.0,3,3,3,4,4,3,12.103491596905931,7.681099001536359,16.0
5,1,2.5,1,3,3,0,2,3,11.691080018519527,7.335633981927201,16.0
5,1,2.0,2,3,3,0,4,3,11.58525542883217,7.771910256435763,16.0
7,2,2.5,5,3,3,3,4,3,12.000897933306716,7.527793987721444,24.999999999999993
5,2,2.0,2,3,3,0,2,3,11.652696102959755,6.939253946041508,16.0
5,1,2.5,3,3,3,0,4,4,11.838632824800072,7.634820677745544,16.0
5,2,3.0,3,3,3,0,4,4,11.951186847493476,7.552237287560801,16.0
6,2,3.0,2,3,3,0,3,4,11.849404844423074,7.39018142822643,24.999999999999993
10,2,4.5,2,5,5,4,4,5,11.982935344196433,9.331406899955626,36.0
5,1,2.5,3,3,4,0,4,5,11.944714374881178,7.821242083523558,16.0
7,2,2.5,5,4,4,3,4,5,12.323860125621126,7.8928255262511176,24.999999999999993
6,1,1.0,6,3,4,4,4,2,12.086731521684554,7.621684998724611,16.0
8,3,3.5,10,4,4,3,4,5,12.577639650232573,8.091627411601069,24.999999999999993
7,3,2.0,7,4,4,0,4,5,12.354496960983985,7.388327859577107,24.999999999999993
7,2,2.0,2,4,4,0,2,5,11.775297421715827,7.443663683115592,24.999999999999993
9,2,3.0,10,4,5,5,4,5,12.691583538230217,8.078688229229874,36.0
7,2,2.0,10,4,4,4,4,5,12.218500103788143,7.221835825288449,24.999999999999993
5,2,2.0,5,3,3,0,2,5,11.835016210489897,7.459914766241106,24.999999999999993
5,2,2.0,2,3,4,0,4,5,11.898194668458823,7.536363938404511,16.0
6,2,3.0,5,3,4,0,4,4,12.096263359864539,7.822044008185619,24.999999999999993
7,2,3.0,6,4,5,3,4,3,12.721888795877375,8.104401307921613,24.999999999999993
7,2,3.0,5,4,4,0,4,5,12.220966184120165,7.696212639346407,24.999999999999993
8,2,2.5,10,4,4,5,4,5,12.618185607609803,8.099554282376364,36.0
9,3,2.5,10,4,4,3,6,5,12.71640514773171,7.8632667240095735,24.999999999999993
4,1,2.0,2,3,3,3,2,5,11.686887175419704,7.427144133408616,16.0
6,2,2.5,3,3,3,4,4,3,12.239995696974734,7.968665700466235,9.000000000000004
8,3,3.0,5,4,5,4,4,5,12.596403811053623,7.3969486026210145,36.0
7,2,2.0,7,4,4,4,4,5,12.249615734512615,7.210079628170789,36.0
8,3,2.0,5,4,4,3,4,5,12.524530013005734,7.488852955733459,24.999999999999993
4,1,1.0,2,3,3,0,4,5,11.6172944892629,7.273092595999523,16.0
6,2,2.5,3,3,3,4,4,4,11.96081767871829,7.75319426988434,16.0
3,1,1.0,2,3,3,0,2,3,11.19135563385109,6.580639137284949,1.0
7,2,3.5,10,4,4,3,4,5,12.154784614286669,7.862497197230545,24.999999999999993
4,0,1.0,2,2,2,0,0,4,11.320565693461432,6.8966943316227125,16.0
8,3,2.0,7,4,4,4,4,5,11.898194668458823,7.4933172488621445,36.0
4,0,1.0,1,3,3,0,0,2,10.915106645867501,6.680854678790215,16.0
3,0,1.0,2,3,4,0,0,5,11.277215789596893,7.1846291527173145,16.0
5,1,1.5,4,4,4,5,4,5,11.779136168550776,7.284820912568604,16.0
6,2,2.0,2,4,3,3,2,5,12.452936629704071,8.097426298597213,24.999999999999993
7,2,2.5,5,3,3,3,4,4,12.081081821061817,7.398174092970465,24.999999999999993
8,3,2.0,7,4,4,4,4,5,12.332709701740178,7.3708601665367155,24.999999999999993
5,2,1.0,5,3,3,0,2,4,11.794345471549745,7.271008538280992,16.0
4,1,2.0,2,3,3,4,2,5,11.51293546492023,7.317876198626496,16.0
5,1,1.5,1,3,4,0,2,5,11.740069005649719,7.215975002651466,16.0
5,2,1.5,1,3,3,0,4,3,11.736077016252437,7.664346632098617,16.0
6,2,2.5,5,3,3,3,4,3,12.031129798974042,7.61134771740362,24.999999999999993
5,2,2.0,5,3,3,0,2,3,11.81303746480054,7.4127640174265625,16.0
4,0,1.0,2,3,2,0,0,2,10.86858749601736,6.542471960506805,16.0
7,2,3.5,5,4,4,0,6,5,12.206077645517674,7.84854348245668,24.999999999999993
5,1,1.0,5,3,3,0,4,5,11.763691965388299,7.110696122978827,16.0
4,4,1.0,3,3,3,0,2,3,11.719947764402807,6.771935555839602,16.0
6,2,2.0,5,3,4,0,2,5,11.951186847493476,7.564757012905729,24.999999999999993
8,2,2.5,5,4,4,4,4,5,12.339295865674435,7.682482446534506,24.999999999999993
6,2,1.5,6,3,3,3,2,4,12.083910661257521,7.5569505720129,16.0
7,2,2.5,5,4,4,3,4,5,11.95655945119582,7.284134806195205,24.999999999999993
4,1,1.0,2,3,2,0,2,4,11.594514668510042,7.099201743553092,16.0
7,2,2.0,5,3,3,4,4,3,12.478010170530368,7.8328075165248645,16.0
8,3,3.0,8,4,4,4,4,5,12.554840409959793,7.526717561352706,36.0
7,2,3.0,5,4,4,2,4,5,12.278397958261774,7.9854843567338225,24.999999999999993
8,0,2.0,2,3,3,0,0,2,11.711784520403112,7.7886260656250315,16.0
5,4,4.5,3,3,3,0,2,3,12.206077645517674,8.05038445306702,16.0
6,2,1.5,3,3,3,4,4,5,12.049424683420915,7.618742377670413,16.0
6,2,1.0,2,4,3,0,2,3,11.812296455066814,7.0707241072602764,16.0
8,3,3.5,10,4,4,5,4,5,12.923914877701906,8.307705966549515,24.999999999999993
7,3,3.5,5,4,4,3,4,5,12.367345048436391,7.8636512654486515,24.999999999999993
7,2,3.0,5,3,4,3,4,4,12.04355959836804,7.560601162768557,16.0
5,1,1.0,3,3,3,0,4,3,11.608244735642321,7.117205503164344,16.0
5,2,2.5,3,3,3,2,4,5,11.917730355182513,7.502738210754851,16.0
6,2,2.5,7,4,4,0,2,5,12.086731521684554,7.5766097669730375,24.999999999999993
9,3,3.0,10,4,5,4,4,5,12.660331092405906,8.13973227971767,36.0
5,2,3.5,3,3,3,0,6,5,12.149507585033072,7.86403565907245,16.0
7,2,3.0,9,4,4,4,4,5,12.468440756144116,7.9391588179567965,36.0
4,1,2.0,3,3,3,4,4,4,11.560772327227415,7.461065514354283,16.0
6,2,2.5,5,3,4,4,6,5,11.963574241653713,7.253470382684528,24.999999999999993
7,2,2.5,7,4,4,0,2,5,11.878630514504515,7.02197642307216,24.999999999999993
7,2,3.5,7,4,4,0,4,5,12.283038316285214,7.699842407396987,24.999999999999993
7,2,3.5,5,4,4,0,4,5,12.170450649220749,7.793174347189206,24.999999999999993
5,1,2.0,1,3,3,3,4,5,11.751950239425476,7.69484807238461,16.0
6,2,2.0,5,4,4,0,4,5,11.87757552297847,7.335633981927201,24.999999999999993
8,2,3.0,5,4,4,3,4,5,12.354496960983985,8.010027528481734,24.999999999999993
4,1,1.0,2,2,3,0,2,5,11.561725152903833,7.492760300922379,16.0
6,1,2.0,3,3,4,3,6,4,12.016732516077072,7.821242083523558,16.0
7,2,3.5,5,3,4,3,2,5,12.521981322562505,8.030409562130485,24.999999999999993
10,3,3.5,10,5,5,4,4,5,13.05301544288996,8.272826003650401,36.0
7,3,2.5,7,4,4,4,4,5,12.429220196836383,7.580189417944541,24.999999999999993
8,3,2.0,8,4,4,4,4,5,12.384223015005313,7.360103972989152,24.999999999999993
6,1,1.0,3,3,3,0,2,3,11.418625774449596,7.069023426578259,24.999999999999993
5,2,2.0,2,3,3,0,2,5,11.669937760751914,7.796880342783523,16.0
6,1,1.5,1,3,3,0,2,3,11.326607934898927,7.167809184316444,16.0
5,2,2.5,8,3,4,0,6,4,12.02874460037869,7.240649694255466,24.999999999999993
3,1,2.0,2,3,3,0,2,3,10.97679912709094,6.97354301952014,16.0
6,2,2.5,3,3,3,4,4,5,12.377927112974284,8.00068478451475,16.0
7,2,2.5,2,3,4,0,2,5,11.964007453736912,7.47477218239787,9.000000000000004
5,2,2.0,3,3,4,0,4,5,11.626263078808801,7.256297239690681,16.0
6,1,1.0,2,3,3,0,2,3,11.561725152903833,7.288244401020124,16.0
4,1,2.0,1,3,4,0,2,4,11.740069005649719,7.544332108053688,16.0
7,2,4.5,5,3,4,3,4,3,12.429220196836383,8.304989580140361,24.999999999999993
6,1,2.0,2,3,4,4,2,3,11.820417517632333,8.083637203141548,16.0
9,3,3.0,5,5,5,4,4,5,12.84132849667433,8.02845516411425,36.0
6,2,1.5,2,3,3,4,2,5,11.782960235741939,7.374001859350161,16.0
7,2,3.0,5,4,4,0,4,5,12.367345048436391,7.98139158158007,24.999999999999993
5,3,2.0,3,3,3,0,2,3,11.728044909070785,7.368339686311381,16.0
5,1,2.0,3,3,3,1,4,3,11.719947764402807,7.4205789054108005,16.0
6,2,2.0,2,3,3,3,2,5,12.001511614739407,7.556427969440253,9.000000000000004
7,3,3.0,5,4,4,4,4,5,12.415437707935368,7.852050207265889,24.999999999999993
8,3,2.5,8,4,4,4,6,5,12.546871224308067,7.817222785508166,24.999999999999993
5,2,2.0,8,3,3,3,2,3,11.982935344196433,7.772752716468742,16.0
5,1,1.5,2,3,3,0,2,5,11.83138646878959,7.322510433997394,16.0
5,1,2.5,3,3,3,0,4,4,11.835016210489897,7.798523053625207,16.0
6,1,2.5,3,3,4,4,2,5,11.831022768939789,7.5352967024440884,16.0
6,1,1.0,2,3,3,4,6,3,11.695255355062795,7.055312843339752,16.0
6,2,3.5,5,3,3,3,4,5,12.170450649220749,7.763446388727362,16.0
7,2,2.0,5,4,4,4,4,5,12.174994689959313,7.166265974133638,24.999999999999993
8,3,3.0,7,4,4,0,4,5,12.552930054797935,7.780720886117918,24.999999999999993
3,3,1.0,2,3,3,0,2,3,11.561725152903833,7.102499355774649,16.0
8,2,3.5,6,4,4,4,4,5,12.524530013005734,8.013012110368916,36.0
5,2,2.0,5,3,3,0,2,3,11.798111925972616,7.261927092702751,24.999999999999993
5,0,2.0,4,3,3,0,0,5,11.626263078808801,7.285506548522786,16.0
4,2,1.0,2,3,3,0,2,4,11.740069005649719,7.218176838403408,9.000000000000004
7,2,2.5,5,3,3,3,4,4,12.278397958261774,7.6468313914304815,24.999999999999993
7,2,3.5,5,4,4,0,4,5,12.345838935721968,7.826842098158294,24.999999999999993
6,1,1.5,3,3,3,0,4,5,11.849404844423074,7.489412083508719,16.0
4,2,2.0,3,3,3,0,2,2,11.407576060361786,6.947937068614969,1.0
8,2,3.0,5,4,4,4,4,5,12.45683525492037,7.944846711001996,24.999999999999993
6,2,1.5,2,3,4,4,2,4,12.240478903153711,7.522400231387125,16.0
7,3,2.5,5,4,4,3,4,5,12.077676615757811,7.8469809821387875,24.999999999999993
4,2,2.0,2,3,3,0,2,4,11.715874472198905,7.736743682453495,16.0
8,3,3.5,10,4,4,3,4,5,12.73670383776449,8.080856419640986,24.999999999999993
5,1,2.5,3,3,3,0,2,3,11.728044909070785,7.621684998724611,16.0
6,2,3.0,6,4,4,3,4,4,12.314931534737134,7.991253929840199,16.0
6,2,2.5,5,3,3,3,4,4,12.100161978566867,7.507141079727608,16.0
6,2,2.0,3,3,3,2,4,3,11.755879486687116,7.265429723253953,24.999999999999993
6,2,2.0,5,4,4,0,4,5,11.824087219587643,7.336285660021297,24.999999999999993
6,2,2.0,2,4,4,4,4,3,12.524420916542532,7.697121317282625,24.999999999999993
5,1,2.0,3,3,3,3,2,3,11.87757552297847,7.685243607975833,16.0
6,2,1.0,3,4,4,0,2,5,11.863589378812124,7.133295954896068,16.0
7,2,3.5,10,4,4,3,4,5,12.509877789891931,8.048149101665201,24.999999999999993
5,1,2.5,3,3,3,3,4,3,11.849404844423074,7.668093709082406,16.0
5,1,2.0,2,3,4,4,4,3,11.686887175419704,7.181591944611864,16.0
6,2,2.0,5,4,4,3,4,5,12.116700301832573,7.6586995582682995,24.999999999999993
5,2,2.5,5,4,3,4,6,5,12.165984756488545,7.516977224604321,24.999999999999993
6,2,2.0,3,3,3,0,4,3,11.87583791515714,7.558516743045645,24.999999999999993
4,1,2.0,2,3,3,0,2,3,11.07443600653965,6.8762646118907655,16.0
6,2,3.5,5,3,3,3,4,5,12.136191879981926,7.491645473605133,24.999999999999993
5,2,3.0,4,3,3,4,4,2,11.982935344196433,7.6319165130712525,16.0
6,2,2.5,3,4,4,4,4,3,12.066816325306588,7.33823815006559,16.0
4,2,1.0,3,3,3,0,2,3,11.699413330633599,7.300472814267799,16.0
8,3,3.0,10,5,5,4,4,5,12.885673487343764,8.092239406724211,36.0
6,2,2.0,2,3,3,0,4,3,11.91639525041213,7.515889085215126,16.0
7,2,2.5,5,3,3,3,4,3,12.190964083849375,7.67368812926773,16.0
6,2,2.0,6,3,3,4,2,2,12.160033942617154,7.683403681053826,36.0
6,2,2.0,5,4,4,3,4,5,11.913719681428494,7.343426229147367,24.999999999999993
10,3,3.5,7,5,5,5,4,5,12.644330802262578,7.927685045615778,36.0
6,1,1.0,2,3,2,4,2,2,11.703554089007538,6.859614903654202,16.0
7,2,2.0,5,4,4,0,4,5,12.098493002763465,7.260522598089852,24.999999999999993
6,1,2.0,3,3,3,0,2,4,11.767575435251748,7.454719949364001,16.0
5,1,1.0,4,3,3,0,4,3,11.96972353334591,7.485491608030754,16.0
8,2,3.5,5,4,4,3,4,5,12.388398368982115,8.061486866871325,24.999999999999993
4,1,1.5,2,3,3,0,2,4,11.626263078808801,7.2056351764103646,9.000000000000004
5,0,2.0,1,3,5,0,0,5,11.429554725537322,7.076653815443951,24.999999999999993
5,0,3.0,3,3,3,0,0,3,11.820417517632333,7.491645473605133,24.999999999999993
8,3,2.0,7,4,5,4,4,5,12.567554517655415,7.364547014255642,24.999999999999993
5,2,2.0,2,3,3,0,3,4,11.884495917930654,7.39018142822643,24.999999999999993
5,0,1.0,4,3,3,0,0,5,11.344518647594768,7.039660349862076,24.999999999999993
7,2,3.0,7,4,4,0,4,5,12.128116509451258,7.397561535524052,24.999999999999993
6,2,2.5,5,3,3,3,4,5,12.07254696717504,7.4073177104694174,24.999999999999993
6,2,3.0,5,3,3,3,4,3,12.25486757159303,8.01532730902172,24.999999999999993
7,1,2.0,6,5,4,4,4,5,12.493133274926212,7.869401712577089,16.0
5,1,2.0,3,3,4,0,4,4,11.864469267087891,7.676473646389156,16.0
5,1,2.5,2,4,3,0,4,4,11.901590234400047,7.773594467360194,16.0
